# x,y,<cookie>
1783,3684,0
1783,3685,0
1782,3685,0
1782,3686,0
1781,3686,0
1781,3686,0
1781,3686,0
1780,3687,0
1780,3688,0
1779,3689,0
1778,3690,0
1779,3691,0
1778,3693,0
1778,3694,0
1777,3696,0
1776,3696,0
1775,3696,0
1774,3696,0
1772,3696,0
1770,3696,0
1769,3698,0
1766,3699,0
1764,3700,0
1762,3702,0
1762,3703,0
1762,3704,0
1761,3705,0
1760,3704,0
1759,3704,0
1757,3705,0
1756,3705,0
1755,3705,0
1753,3704,0
1751,3704,0
1749,3705,0
1748,3705,0
1747,3705,0
1746,3705,0
1744,3704,0
1742,3703,0
1740,3703,0
1739,3703,0
1736,3702,0
1735,3702,0
1735,3703,0
1733,3702,0
1733,3702,0
1733,3702,0
1732,3702,0
1729,3702,0
1728,3701,0
1726,3701,0
1726,3702,0
1725,3701,0
1723,3701,0
1721,3700,0
1721,3699,0
1720,3698,0
1719,3697,0
1720,3696,0
1720,3696,0
1719,3695,0
1718,3694,0
1717,3693,0
1715,3693,0
1714,3692,0
1714,3690,0
1712,3689,0
1711,3688,0
1710,3686,0
1710,3684,0
1708,3683,0
1706,3682,0
1705,3682,0
1704,3680,0
1702,3679,0
1700,3679,0
1698,3678,0
1696,3677,0
1694,3675,0
1693,3675,0
1692,3673,0
1692,3672,0
1692,3671,0
1692,3670,0
1692,3668,0
1692,3666,0
1693,3666,0
1693,3664,0
1693,3663,0
1694,3662,0
1694,3660,0
1695,3658,0
1695,3656,0
1695,3655,0
1695,3653,0
1695,3652,0
1696,3651,0
1696,3649,0
1694,3648,0
1654,3692,0
1652,3692,0
1652,3692,0
1652,3692,0
1652,3691,0
1650,3690,0
1648,3690,0
1647,3691,0
1645,3691,0
1643,3691,0
1641,3692,0
1640,3692,0
1638,3690,0
1637,3688,0
1636,3687,0
1635,3686,0
1634,3685,0
1634,3684,0
1634,3683,0
1633,3682,0
1633,3680,0
1631,3679,0
1630,3678,0
1630,3677,0
1630,3677,0
1630,3677,0
1630,3677,0
1630,3677,0
1630,3677,0
1630,3677,0
1630,3677,0
1630,3677,0
1630,3677,0
1629,3676,0
1628,3674,0
1628,3674,0
1628,3674,0
1628,3674,0
1628,3674,0
1628,3674,0
1628,3674,0
1628,3674,0
1628,3673,0
1627,3672,0
1626,3668,0
1625,3666,0
1626,3664,0
1627,3661,0
1627,3658,0
1627,3656,0
1626,3653,0
1626,3650,0
1628,3647,0
1627,3645,0
1627,3642,0
1628,3640,0
1629,3638,0
1628,3634,0
1628,3631,0
1629,3629,0
1629,3626,0
1630,3624,0
1633,3621,0
1635,3619,0
1636,3616,0
1636,3613,0
1636,3611,0
1637,3606,0
1639,3605,0
1641,3601,0
1643,3598,0
1644,3594,0
1642,3590,0
1642,3585,0
1644,3581,0
1645,3577,0
1646,3572,0
1647,3568,0
1648,3565,0
1648,3561,0
1647,3557,0
1645,3554,0
1644,3550,0
1643,3547,0
1643,3543,0
1642,3539,0
1641,3537,0
1643,3534,0
1644,3530,0
1644,3525,0
1645,3519,0
1644,3516,0
1643,3511,0
1642,3508,0
1640,3505,0
1640,3501,0
1640,3498,0
1640,3495,0
1640,3492,0
1639,3488,0
1698,3471,0
1698,3468,0
1697,3465,0
1697,3461,0
1697,3457,0
1697,3454,0
1698,3450,0
1697,3447,0
1696,3443,0
1694,3438,0
1695,3435,0
1694,3429,0
1692,3425,0
1691,3420,0
1691,3415,0
1690,3412,0
1688,3408,0
1686,3403,0
1686,3397,0
1684,3391,0
1682,3385,0
1680,3378,0
1678,3373,0
1676,3367,0
1672,3361,0
1670,3353,0
1666,3347,0
1663,3342,0
1660,3337,0
1659,3330,0
1656,3324,0
1652,3318,0
1648,3313,0
1645,3307,0
1641,3301,0
1638,3295,0
1633,3289,0
1629,3283,0
1625,3278,0
1621,3273,0
1616,3268,0
1614,3265,0
1611,3260,0
1608,3257,0
1606,3254,0
1605,3252,0
1603,3249,0
1602,3247,0
1602,3243,0
1602,3240,0
1602,3236,0
1602,3233,0
1602,3230,0
1602,3226,0
1602,3223,0
1601,3221,0
1602,3217,0
1601,3214,0
1601,3211,0
1600,3208,0
1600,3206,0
1600,3203,0
1601,3199,0
1601,3196,0
1600,3192,0
1600,3189,0
1600,3186,0
1599,3184,0
1597,3181,0
1597,3178,0
1595,3177,0
1594,3175,0
1593,3172,0
1592,3169,0
1591,3166,0
1588,3163,0
1587,3161,0
1586,3158,0
1585,3156,0
1585,3153,0
1585,3150,0
1585,3148,0
1586,3145,0
1586,3141,0
1586,3139,0
1586,3136,0
1586,3133,0
1586,3130,0
1586,3127,0
1586,3124,0
1586,3121,0
1587,3117,0
1587,3113,0
1587,3110,0
1588,3108,0
1588,3105,0
1587,3102,0
1586,3099,0
1585,3097,0
1584,3094,0
1582,3088,0
1583,3086,0
1582,3084,0
1581,3081,0
1580,3077,0
1580,3073,0
1580,3070,0
1580,3067,0
1580,3063,0
1580,3060,0
1581,3057,0
1582,3054,0
1584,3052,0
1584,3049,0
1585,3047,0
1585,3044,0
1586,3041,0
1587,3039,0
1589,3036,0
1589,3034,0
1590,3031,0
1591,3028,0
1591,3026,0
1593,3023,0
1594,3020,0
1594,3018,0
1594,3015,0
1594,3013,0
1595,3012,0
1596,3011,0
1596,3009,0
1596,3006,0
1595,3004,0
1595,3001,0
1593,2999,0
1593,2997,0
1592,2995,0
1592,2992,0
1591,2992,0
1591,2988,0
1593,2985,0
1594,2983,0
1595,2982,0
1597,2980,0
1597,2976,0
1597,2972,0
1598,2968,0
1599,2967,0
1599,2967,0
1599,2965,0
1598,2961,0
1597,2960,0
1597,2957,0
1597,2954,0
1597,2952,0
1596,2950,0
1596,2947,0
1595,2943,0
1594,2939,0
1595,2935,0
1595,2933,0
1596,2930,0
1596,2927,0
1596,2923,0
1596,2922,0
1597,2919,0
1597,2917,0
1598,2914,0
1599,2912,0
1599,2911,0
1600,2909,0
1601,2907,0
1601,2905,0
1602,2903,0
1603,2902,0
1603,2900,0
1604,2898,0
1604,2897,0
1604,2893,0
1604,2891,0
1603,2889,0
1604,2887,0
1603,2884,0
1603,2882,0
1603,2880,0
1602,2877,0
1601,2874,0
1600,2872,0
1599,2870,0
1599,2869,0
1598,2867,0
1598,2864,0
1597,2862,0
1597,2859,0
1598,2856,0
1597,2852,0
1596,2849,0
1595,2845,0
1595,2842,0
1596,2839,0
1598,2867,0
1597,2865,0
1596,2864,0
1595,2863,0
1596,2861,0
1596,2860,0
1596,2857,0
1596,2855,0
1596,2853,0
1597,2851,0
1598,2849,0
1598,2846,0
1597,2843,0
1598,2842,0
1598,2839,0
1598,2836,0
1597,2834,0
1596,2832,0
1596,2830,0
1596,2827,0
1596,2825,0
1595,2824,0
1595,2822,0
1594,2821,0
1593,2820,0
1592,2818,0
1591,2815,0
1591,2813,0
1590,2811,0
1589,2808,0
1589,2805,0
1590,2802,0
1590,2800,0
1590,2799,0
1589,2797,0
1589,2794,0
1588,2791,0
1588,2788,0
1588,2786,0
1587,2784,0
1587,2782,0
1586,2779,0
1586,2777,0
1585,2774,0
1584,2771,0
1583,2768,0
1583,2765,0
1582,2763,0
1581,2761,0
1581,2758,0
1581,2757,0
1581,2754,0
1581,2752,0
1581,2750,0
1581,2747,0
1580,2745,0
1580,2744,0
1580,2742,0
1580,2739,0
1579,2737,0
1578,2735,0
1577,2733,0
1577,2730,0
1576,2727,0
1576,2726,0
1576,2723,0
1576,2722,0
1576,2720,0
1575,2719,0
1575,2716,0
1575,2714,0
1575,2712,0
1575,2710,0
1575,2708,0
1575,2705,0
1576,2703,0
1576,2701,0
1576,2699,0
1576,2696,0
1577,2694,0
1577,2692,0
1577,2690,0
1578,2688,0
1577,2686,0
1578,2684,0
1578,2681,0
1579,2678,0
1581,2677,0
1582,2674,0
1583,2672,0
1584,2671,0
1585,2669,0
1586,2665,0
1587,2664,0
1588,2663,0
1589,2661,0
1591,2659,0
1592,2657,0
1593,2654,0
1595,2651,0
1596,2649,0
1596,2648,0
1597,2646,0
1598,2644,0
1598,2642,0
1599,2640,0
1600,2637,0
1601,2635,0
1601,2632,0
1602,2629,0
1602,2626,0
1602,2623,0
1602,2622,0
1602,2620,0
1602,2617,0
1601,2614,0
1601,2610,0
1601,2607,0
1602,2604,0
1601,2602,0
1601,2599,0
1600,2596,0
1600,2593,0
1599,2591,0
1598,2589,0
1597,2587,0
1596,2585,0
1595,2583,0
1594,2580,0
1594,2578,0
1594,2577,0
1594,2575,0
1593,2574,0
1593,2573,0
1593,2572,0
1593,2571,0
1593,2570,0
1593,2568,0
1592,2565,0
1592,2563,0
1591,2561,0
1589,2557,0
1588,2555,0
1586,2552,0
1585,2549,0
1584,2547,0
1583,2544,0
1582,2540,0
1580,2537,0
1580,2535,0
1578,2533,0
1578,2530,0
1578,2528,0
1579,2526,0
1579,2525,0
1580,2525,0
1580,2525,0
1581,2525,0
1582,2525,0
1583,2526,0
1583,2526,0
1583,2527,0
1583,2526,0
1583,2527,0
1583,2527,0
1583,2527,0
1583,2527,0
1582,2529,0
1583,2531,0
1584,2531,0
1583,2532,0
1582,2534,0
1581,2535,0
1581,2536,0
1581,2538,0
1580,2540,0
1579,2541,0
1579,2542,0
1578,2544,0
1579,2547,0
1579,2548,0
1580,2548,0
1580,2549,0
1580,2550,0
1580,2550,0
1580,2552,0
1579,2555,0
1579,2557,0
1580,2558,0
1580,2559,0
1582,2561,0
1581,2561,0
1582,2563,0
1582,2564,0
1582,2564,0
1582,2564,0
1582,2566,0
1582,2566,0
1582,2568,0
1580,2568,0
1595,2546,0
1596,2547,0
1596,2548,0
1598,2549,0
1599,2552,0
1600,2553,0
1602,2554,0
1604,2555,0
1604,2555,0
1604,2556,0
1605,2556,0
1604,2556,0
1605,2557,0
1604,2558,0
1605,2559,0
1606,2558,0
1606,2556,0
1607,2554,0
1607,2552,0
1607,2550,0
1607,2548,0
1608,2546,0
1607,2544,0
1607,2543,0
1608,2542,0
1607,2540,0
1607,2538,0
1607,2537,0
1607,2534,0
1607,2532,0
1606,2529,0
1606,2527,0
1607,2526,0
1606,2524,0
1607,2521,0
1607,2519,0
1607,2517,0
1608,2514,0
1608,2512,0
1607,2509,0
1607,2507,0
1607,2504,0
1606,2502,0
1605,2500,0
1604,2498,0
1603,2496,0
1603,2493,0
1601,2491,0
1601,2488,0
1600,2486,0
1599,2484,0
1599,2482,0
1599,2479,0
1599,2477,0
1600,2474,0
1600,2472,0
1600,2470,0
1600,2467,0
1600,2465,0
1599,2463,0
1599,2461,0
1598,2459,0
1597,2457,0
1597,2455,0
1595,2452,0
1595,2450,0
1594,2449,0
1594,2447,0
1594,2445,0
1595,2443,0
1595,2441,0
1595,2439,0
1595,2436,0
1596,2434,0
1596,2432,0
1596,2430,0
1597,2429,0
1597,2426,0
1597,2424,0
1598,2422,0
1598,2419,0
1598,2417,0
1598,2415,0
1598,2412,0
1598,2409,0
1599,2406,0
1600,2404,0
1600,2402,0
1599,2399,0
1599,2396,0
1599,2393,0
1598,2392,0
1597,2390,0
1596,2388,0
1596,2385,0
1595,2382,0
1595,2380,0
1595,2378,0
1594,2375,0
1594,2374,0
1593,2367,0
1593,2364,0
1592,2362,0
1592,2360,0
1592,2357,0
1592,2355,0
1591,2353,0
1591,2352,0
1591,2350,0
1590,2348,0
1591,2346,0
1590,2344,0
1590,2343,0
1589,2340,0
1589,2338,0
1589,2336,0
1588,2334,0
1588,2331,0
1589,2329,0
1588,2326,0
1588,2324,0
1588,2322,0
1588,2321,0
1588,2320,0
1588,2318,0
1589,2317,0
1590,2315,0
1591,2314,0
1591,2312,0
1591,2310,0
1592,2308,0
1592,2306,0
1593,2303,0
1593,2301,0
1593,2298,0
1594,2296,0
1594,2294,0
1595,2292,0
1594,2289,0
1595,2288,0
1595,2286,0
1596,2284,0
1596,2282,0
1596,2280,0
1597,2277,0
1597,2275,0
1598,2272,0
1598,2271,0
1598,2268,0
1598,2265,0
1598,2262,0
1598,2260,0
1598,2257,0
1597,2254,0
1598,2251,0
1598,2249,0
1597,2246,0
1596,2244,0
1596,2242,0
1595,2240,0
1594,2238,0
1593,2235,0
1592,2233,0
1592,2232,0
1591,2230,0
1589,2227,0
1589,2224,0
1588,2221,0
1588,2218,0
1588,2215,0
1588,2212,0
1588,2210,0
1588,2209,0
1588,2207,0
1588,2205,0
1588,2203,0
1588,2202,0
1588,2201,0
1587,2200,0
1587,2198,0
1587,2197,0
1587,2195,0
1587,2194,0
1587,2191,0
1587,2189,0
1587,2187,0
1587,2186,0
1587,2183,0
1586,2181,0
1586,2178,0
1585,2176,0
1584,2174,0
1583,2172,0
1582,2171,0
1581,2169,0
1581,2168,0
1580,2167,0
1579,2166,0
1579,2164,0
1579,2163,0
1577,2161,0
1577,2159,0
1576,2156,0
1576,2154,0
1575,2153,0
1574,2151,0
1574,2148,0
1573,2146,0
1572,2144,0
1571,2142,0
1570,2140,0
1569,2138,0
1568,2136,0
1568,2134,0
1568,2132,0
1567,2130,0
1568,2129,0
1567,2128,0
1568,2127,0
1568,2125,0
1568,2124,0
1568,2122,0
1568,2120,0
1568,2117,0
1569,2116,0
1569,2113,0
1568,2110,0
1568,2109,0
1567,2107,0
1567,2105,0
1567,2103,0
1566,2102,0
1565,2100,0
1565,2099,0
1565,2097,0
1564,2095,0
1564,2092,0
1563,2090,0
1562,2088,0
1561,2087,0
1561,2085,0
1561,2084,0
1561,2083,0
1561,2083,0
1561,2081,0
1561,2080,0
1560,2078,0
1560,2077,0
1560,2077,0
1560,2076,0
1560,2076,0
1560,2075,0
1560,2074,0
1561,2072,0
1562,2072,0
1563,2072,0
1564,2070,0
1564,2069,0
1564,2069,0
1563,2069,0
1563,2069,0
1563,2068,0
1562,2068,0
1563,2068,0
1564,2067,0
1565,2064,0
1565,2063,0
1565,2062,0
1565,2060,0
1565,2059,0
1565,2056,0
1565,2054,0
1566,2052,0
1566,2050,0
1566,2048,0
1567,2046,0
1567,2044,0
1568,2043,0
1568,2041,0
1569,2039,0
1569,2038,0
1570,2038,0
1571,2037,0
1571,2036,0
1570,2036,0
1570,2035,0
1570,2035,0
1571,2034,0
1572,2034,0
1571,2033,0
1571,2033,0
1570,2033,0
1570,2033,0
1569,2032,0
1569,2032,0
1568,2031,0
1568,2031,0
1568,2031,0
1567,2031,0
1567,2030,0
1565,2017,0
1565,2015,0
1565,2013,0
1565,2011,0
1565,2010,0
1563,2008,0
1564,2006,0
1565,2006,0
1565,2006,0
1565,2006,0
1565,2007,0
1566,2007,0
1565,2006,0
1565,2006,0
1565,2007,0
1565,2006,0
1565,2007,0
1565,2007,0
1565,2007,0
1565,2007,0
1563,2008,0
1562,2008,0
1561,2008,0
1561,2009,0
1561,2009,0
1560,2009,0
1558,2010,0
1557,2010,0
1557,2009,0
1556,2007,0
1556,2006,0
1554,2005,0
1553,2004,0
1553,2003,0
1553,2001,0
1553,2000,0
1553,1998,0
1552,1996,0
1552,1994,0
1552,1992,0
1551,1990,0
1551,1987,0
1551,1986,0
1550,1983,0
1549,1982,0
1549,1979,0
1549,1977,0
1548,1975,0
1547,1973,0
1547,1971,0
1546,1970,0
1545,1969,0
1543,1968,0
1541,1967,0
1539,1966,0
1537,1964,0
1536,1962,0
1535,1960,0
1535,1959,0
1534,1958,0
1534,1955,0
1533,1954,0
1532,1952,0
1531,1950,0
1529,1948,0
1528,1946,0
1527,1943,0
1526,1941,0
1525,1938,0
1524,1936,0
1523,1934,0
1522,1932,0
1522,1930,0
1521,1927,0
1521,1926,0
1521,1923,0
1521,1920,0
1521,1918,0
1520,1916,0
1520,1913,0
1520,1911,0
1519,1908,0
1519,1906,0
1518,1903,0
1518,1902,0
1518,1900,0
1519,1899,0
1518,1897,0
1519,1895,0
1519,1893,0
1520,1891,0
1520,1889,0
1521,1887,0
1522,1885,0
1523,1882,0
1524,1880,0
1525,1878,0
1526,1877,0
1527,1875,0
1528,1872,0
1528,1870,0
1528,1867,0
1528,1865,0
1529,1863,0
1529,1860,0
1530,1858,0
1531,1857,0
1532,1855,0
1533,1853,0
1534,1851,0
1535,1848,0
1536,1846,0
1537,1845,0
1539,1843,0
1539,1842,0
1540,1840,0
1543,1838,0
1543,1836,0
1544,1834,0
1546,1834,0
1547,1832,0
1547,1831,0
1548,1831,0
1548,1830,0
1548,1830,0
1548,1829,0
1548,1828,0
1549,1827,0
1549,1825,0
1549,1823,0
1550,1822,0
1550,1821,0
1550,1819,0
1551,1817,0
1551,1815,0
1551,1813,0
1551,1811,0
1552,1809,0
1552,1807,0
1551,1805,0
1551,1803,0
1551,1801,0
1550,1799,0
1549,1797,0
1549,1795,0
1548,1793,0
1548,1791,0
1547,1790,0
1547,1788,0
1546,1787,0
1545,1785,0
1544,1782,0
1543,1780,0
1542,1779,0
1540,1778,0
1539,1776,0
1538,1774,0
1537,1773,0
1536,1771,0
1535,1771,0
1533,1770,0
1532,1769,0
1530,1767,0
1530,1765,0
1528,1765,0
1527,1765,0
1526,1764,0
1526,1764,0
1526,1763,0
1525,1763,0
1524,1763,0
1523,1763,0
1523,1763,0
1523,1763,0
1523,1763,0
1522,1762,0
1522,1761,0
1522,1760,0
1522,1760,0
1522,1760,0
1523,1760,0
1522,1759,0
1523,1759,0
1522,1757,0
1522,1755,0
1523,1754,0
1524,1754,0
1524,1753,0
1525,1751,0
1525,1749,0
1526,1747,0
1527,1745,0
1527,1744,0
1527,1742,0
1527,1741,0
1527,1741,0
1527,1739,0
1527,1738,0
1527,1736,0
1528,1734,0
1527,1728,0
1526,1727,0
1526,1726,0
1526,1724,0
1526,1722,0
1525,1720,0
1525,1717,0
1526,1715,0
1526,1712,0
1527,1710,0
1527,1707,0
1528,1705,0
1528,1703,0
1528,1701,0
1527,1700,0
1527,1697,0
1527,1695,0
1527,1693,0
1528,1691,0
1527,1689,0
1527,1687,0
1527,1685,0
1526,1682,0
1525,1681,0
1525,1679,0
1524,1678,0
1523,1675,0
1522,1673,0
1520,1672,0
1519,1670,0
1518,1668,0
1517,1667,0
1515,1666,0
1514,1664,0
1513,1664,0
1513,1662,0
1512,1660,0
1511,1659,0
1510,1657,0
1509,1655,0
1508,1653,0
1507,1651,0
1507,1650,0
1507,1648,0
1507,1645,0
1506,1643,0
1505,1640,0
1505,1638,0
1505,1636,0
1504,1634,0
1504,1632,0
1504,1630,0
1504,1629,0
1504,1627,0
1504,1626,0
1503,1626,0
1503,1624,0
1503,1623,0
1503,1622,0
1503,1621,0
1503,1620,0
1502,1620,0
1503,1619,0
1504,1618,0
1505,1618,0
1506,1617,0
1507,1616,0
1508,1615,0
1509,1613,0
1510,1612,0
1511,1610,0
1512,1609,0
1513,1607,0
1515,1605,0
1516,1605,0
1517,1603,0
1519,1601,0
1520,1598,0
1521,1596,0
1522,1594,0
1523,1591,0
1523,1590,0
1524,1589,0
1525,1587,0
1527,1586,0
1528,1584,0
1529,1583,0
1529,1582,0
1530,1581,0
1531,1579,0
1532,1578,0
1533,1577,0
1534,1575,0
1535,1573,0
1535,1572,0
1536,1571,0
1536,1569,0
1536,1568,0
1537,1567,0
1538,1565,0
1539,1562,0
1540,1561,0
1541,1559,0
1541,1556,0
1541,1553,0
1541,1551,0
1540,1549,0
1540,1547,0
1540,1544,0
1540,1544,0
1541,1543,0
1542,1542,0
1543,1542,0
1543,1541,0
1544,1541,0
1545,1539,0
1546,1538,0
1546,1537,0
1546,1537,0
1546,1536,0
1546,1534,0
1545,1533,0
1544,1532,0
1544,1530,0
1544,1530,0
1542,1528,0
1541,1526,0
1541,1524,0
1538,1522,0
1537,1520,0
1536,1518,0
1535,1516,0
1534,1514,0
1532,1512,0
1532,1509,0
1532,1509,0
1531,1509,0
1529,1508,0
1528,1507,0
1527,1505,0
1526,1503,0
1524,1502,0
1521,1500,0
1521,1500,0
1520,1498,0
1519,1497,0
1518,1496,0
1517,1496,0
1517,1494,0
1516,1494,0
1515,1492,0
1514,1491,0
1513,1490,0
1512,1489,0
1510,1488,0
1509,1486,0
1507,1485,0
1506,1483,0
1505,1481,0
1504,1480,0
1502,1478,0
1501,1476,0
1500,1474,0
1500,1473,0
1501,1472,0
1501,1469,0
1502,1467,0
1502,1464,0
1502,1461,0
1503,1459,0
1503,1458,0
1503,1456,0
1504,1453,0
1506,1452,0
1507,1451,0
1508,1449,0
1509,1446,0
1509,1444,0
1510,1442,0
1512,1441,0
1514,1439,0
1515,1436,0
1518,1433,0
1519,1431,0
1521,1429,0
1522,1428,0
1524,1425,0
1526,1423,0
1528,1421,0
1529,1420,0
1530,1418,0
1530,1416,0
1530,1414,0
1530,1413,0
1530,1411,0
1530,1409,0
1528,1408,0
1527,1406,0
1526,1405,0
1527,1404,0
1525,1383,0
1525,1381,0
1523,1379,0
1522,1377,0
1521,1376,0
1519,1374,0
1518,1373,0
1516,1372,0
1515,1370,0
1513,1369,0
1514,1367,0
1512,1367,0
1511,1365,0
1510,1364,0
1509,1362,0
1508,1361,0
1506,1360,0
1505,1359,0
1504,1358,0
1503,1357,0
1502,1355,0
1501,1354,0
1501,1353,0
1500,1352,0
1499,1350,0
1498,1348,0
1497,1347,0
1497,1345,0
1497,1344,0
1496,1342,0
1496,1340,0
1495,1338,0
1494,1337,0
1494,1337,0
1494,1335,0
1493,1334,0
1494,1333,0
1494,1333,0
1494,1333,0
1493,1332,0
1492,1332,0
1490,1331,0
1488,1331,0
1486,1330,0
1485,1330,0
1484,1330,0
1482,1330,0
1482,1329,0
1481,1329,0
1480,1329,0
1480,1328,0
1478,1328,0
1477,1327,0
1476,1327,0
1475,1327,0
1474,1326,0
1474,1326,0
1475,1326,0
1474,1325,0
1475,1325,0
1475,1325,0
1475,1325,0
1475,1326,0
1475,1326,0
1475,1326,0
1475,1326,0
1475,1326,0
1474,1327,0
1473,1327,0
1472,1326,0
1471,1326,0
1470,1327,0
1469,1327,0
1469,1327,0
1469,1327,0
1470,1327,0
1470,1326,0
1469,1326,0
1468,1326,0
1467,1326,0
1467,1326,0
1466,1327,0
1466,1328,0
1466,1328,0
1465,1329,0
1465,1330,0
1464,1332,0
1463,1333,0
1462,1334,0
1461,1336,0
1460,1337,0
1460,1338,0
1459,1339,0
1458,1339,0
1458,1339,0
1459,1340,0
1459,1340,0
1459,1340,0
1457,1340,0
1456,1340,0
1447,1309,0
1446,1309,0
1445,1310,0
1445,1312,0
1444,1313,0
1443,1315,0
1442,1316,0
1442,1318,0
1440,1320,0
1439,1322,0
1439,1323,0
1439,1325,0
1439,1326,0
1439,1328,0
1438,1328,0
1437,1328,0
1435,1328,0
1434,1327,0
1433,1327,0
1431,1327,0
1429,1327,0
1428,1326,0
1426,1326,0
1424,1325,0
1422,1325,0
1420,1324,0
1417,1324,0
1416,1324,0
1414,1324,0
1413,1323,0
1411,1323,0
1410,1323,0
1408,1322,0
1407,1322,0
1405,1321,0
1404,1321,0
1403,1322,0
1402,1322,0
1401,1323,0
1399,1323,0
1399,1324,0
1396,1324,0
1395,1325,0
1394,1326,0
1393,1326,0
1391,1327,0
1390,1327,0
1388,1328,0
1388,1328,0
1386,1329,0
1384,1330,0
1383,1330,0
1381,1330,0
1380,1330,0
1379,1330,0
1378,1329,0
1376,1329,0
1375,1329,0
1372,1330,0
1370,1331,0
1369,1331,0
1366,1332,0
1365,1333,0
1363,1333,0
1362,1332,0
1360,1332,0
1359,1333,0
1357,1333,0
1355,1333,0
1353,1333,0
1352,1332,0
1350,1332,0
1349,1331,0
1347,1331,0
1345,1331,0
1344,1330,0
1343,1329,0
1342,1328,0
1341,1328,0
1341,1328,0
1339,1328,0
1338,1329,0
1337,1330,0
1336,1331,0
1334,1333,0
1332,1332,0
1332,1333,0
1332,1333,0
1331,1333,0
1330,1333,0
1330,1333,0
1329,1333,0
1328,1333,0
1327,1332,0
1326,1332,0
1325,1333,0
1324,1333,0
1322,1334,0
1321,1333,0
1319,1333,0
1339,1268,0
1338,1268,0
1337,1268,0
1336,1268,0
1333,1267,0
1331,1268,0
1329,1266,0
1327,1266,0
1325,1265,0
1323,1263,0
1321,1261,0
1320,1261,0
1320,1259,0
1320,1258,0
1320,1256,0
1321,1256,0
1321,1255,0
1321,1252,0
1321,1250,0
1322,1249,0
1323,1247,0
1323,1245,0
1322,1242,0
1322,1240,0
1322,1238,0
1322,1236,0
1321,1235,0
1321,1233,0
1321,1231,0
1321,1229,0
1321,1226,0
1321,1224,0
1321,1223,0
1321,1220,0
1320,1218,0
1320,1216,0
1319,1215,0
1319,1213,0
1320,1212,0
1321,1211,0
1321,1209,0
1321,1206,0
1320,1204,0
1320,1203,0
1321,1202,0
1321,1199,0
1322,1198,0
1322,1197,0
1323,1196,0
1323,1194,0
1325,1193,0
1326,1191,0
1328,1190,0
1329,1188,0
1331,1187,0
1332,1185,0
1333,1184,0
1334,1183,0
1335,1182,0
1336,1180,0
1337,1179,0
1338,1178,0
1338,1177,0
1339,1175,0
1341,1174,0
1342,1173,0
1343,1172,0
1343,1171,0
1344,1169,0
1344,1167,0
1345,1165,0
1345,1163,0
1346,1161,0
1346,1159,0
1346,1157,0
1345,1155,0
1345,1153,0
1345,1152,0
1345,1150,0
1345,1148,0
1345,1146,0
1345,1144,0
1346,1142,0
1348,1141,0
1350,1139,0
1352,1138,0
1354,1136,0
1356,1135,0
1357,1134,0
1358,1132,0
1359,1130,0
1361,1128,0
1361,1126,0
1363,1124,0
1364,1123,0
1366,1121,0
1367,1119,0
1368,1117,0
1370,1115,0
1371,1114,0
1373,1113,0
1374,1112,0
1374,1110,0
1374,1110,0
1375,1109,0
1378,1109,0
1379,1107,0
1381,1106,0
1383,1104,0
1385,1102,0
1386,1101,0
1387,1101,0
1388,1100,0
1390,1098,0
1391,1097,0
1391,1095,0
1392,1094,0
1393,1092,0
1393,1091,0
1394,1090,0
1395,1089,0
1396,1088,0
1398,1086,0
1398,1084,0
1399,1082,0
1400,1080,0
1400,1078,0
1400,1076,0
1400,1074,0
1400,1072,0
1400,1070,0
1400,1067,0
1401,1065,0
1402,1065,0
1402,1063,0
1404,1061,0
1404,1060,0
1405,1057,0
1406,1056,0
1407,1054,0
1408,1051,0
1408,1049,0
1408,1046,0
1408,1044,0
1407,1042,0
1407,1040,0
1406,1038,0
1406,1036,0
1405,1035,0
1404,1035,0
1404,1034,0
1403,1031,0
1402,1029,0
1401,1026,0
1400,1024,0
1400,1022,0
1399,1021,0
1398,1020,0
1397,1019,0
1396,1018,0
1396,1016,0
1394,1014,0
1393,1012,0
1391,1011,0
1391,1010,0
1390,1008,0
1388,1006,0
1387,1004,0
1385,1002,0
1383,1000,0
1383,997,0
1382,995,0
1382,993,0
1382,991,0
1382,989,0
1382,987,0
1381,985,0
1382,984,0
1381,983,0
1382,983,0
1381,983,0
1381,982,0
1381,981,0
1382,979,0
1382,979,0
1382,979,0
1382,979,0
1383,977,0
1383,975,0
1383,974,0
1384,972,0
1384,972,0
1385,971,0
1385,969,0
1385,968,0
1386,966,0
1387,964,0
1388,962,0
1389,961,0
1389,959,0
1391,954,0
1391,953,0
1392,952,0
1393,950,0
1394,948,0
1394,946,0
1395,945,0
1396,943,0
1397,942,0
1398,941,0
1399,940,0
1401,939,0
1402,938,0
1403,936,0
1404,936,0
1405,935,0
1406,934,0
1407,933,0
1407,933,0
1407,933,0
1407,932,0
1407,932,0
1408,932,0
1408,931,0
1409,930,0
1410,930,0
1411,928,0
1412,927,0
1413,925,0
1415,924,0
1416,922,0
1418,920,0
1419,918,0
1421,916,0
1422,915,0
1423,913,0
1425,911,0
1426,909,0
1427,907,0
1428,906,0
1429,905,0
1429,904,0
1430,903,0
1431,901,0
1432,899,0
1433,898,0
1433,897,0
1434,895,0
1435,893,0
1436,892,0
1437,891,0
1438,889,0
1438,888,0
1439,886,0
1440,885,0
1441,883,0
1442,882,0
1443,880,0
1444,879,0
1445,878,0
1447,876,0
1447,875,0
1447,874,0
1448,873,0
1449,872,0
1450,870,0
1450,869,0
1452,868,0
1453,867,0
1453,867,0
1453,865,0
1453,863,0
1453,862,0
1452,861,0
1452,860,0
1451,860,0
1450,859,0
1450,859,0
1450,858,0
1450,858,0
1450,857,0
1449,856,0
1449,855,0
1448,855,0
1447,855,0
1447,853,0
1446,853,0
1445,852,0
1444,851,0
1444,850,0
1444,849,0
1443,846,0
1444,844,0
1444,843,0
1445,841,0
1445,841,0
1446,840,0
1446,839,0
1445,838,0
1446,838,0
1445,833,0
1444,833,0
1444,832,0
1444,831,0
1443,829,0
1443,827,0
1443,826,0
1443,824,0
1444,822,0
1444,820,0
1444,819,0
1445,817,0
1446,816,0
1447,815,0
1448,813,0
1449,812,0
1450,812,0
1451,810,0
1452,809,0
1453,807,0
1454,806,0
1455,805,0
1455,803,0
1456,802,0
1457,801,0
1459,798,0
1459,796,0
1460,794,0
1460,793,0
1461,791,0
1462,789,0
1461,788,0
1462,786,0
1461,785,0
1461,783,0
1461,781,0
1461,780,0
1461,778,0
1461,776,0
1461,775,0
1461,773,0
1460,770,0
1461,769,0
1461,768,0
1461,766,0
1462,764,0
1462,762,0
1463,760,0
1463,759,0
1464,756,0
1464,755,0
1465,753,0
1465,752,0
1464,751,0
1464,751,0
1463,750,0
1462,750,0
1462,749,0
1461,748,0
1461,746,0
1461,744,0
1461,742,0
1461,741,0
1461,739,0
1461,738,0
1461,737,0
1460,735,0
1460,732,0
1460,731,0
1459,730,0
1460,728,0
1461,727,0
1461,725,0
1460,725,0
1461,723,0
1460,722,0
1461,720,0
1462,720,0
1462,718,0
1463,718,0
1463,718,0
1463,717,0
1463,718,0
1463,718,0
1463,718,0
1463,718,0
1463,718,0
1463,718,0
1463,718,0
1463,718,0
1463,718,0
1462,718,0
1462,718,0
1462,718,0
1462,718,0
1461,718,0
1458,718,0
1458,717,0
1457,717,0
1456,717,0
1439,718,0
1437,717,0
1435,718,0
1433,718,0
1433,719,0
1430,719,0
1429,719,0
1426,719,0
1425,719,0
1424,718,0
1422,717,0
1421,717,0
1419,717,0
1419,716,0
1416,715,0
1415,714,0
1414,713,0
1414,713,0
1413,713,0
1412,714,0
1410,713,0
1408,714,0
1408,713,0
1408,712,0
1408,711,0
1408,710,0
1407,710,0
1406,709,0
1404,709,0
1404,708,0
1402,707,0
1401,705,0
1400,705,0
1399,704,0
1397,703,0
1397,703,0
1397,702,0
1396,702,0
1395,703,0
1395,703,0
1394,703,0
1394,703,0
1393,703,0
1393,702,0
1393,702,0
1392,701,0
1392,700,0
1392,698,0
1391,697,0
1391,697,0
1390,696,0
1389,695,0
1388,694,0
1388,692,0
1387,691,0
1386,690,0
1387,688,0
1386,687,0
1386,686,0
1385,684,0
1384,683,0
1384,681,0
1383,681,0
1381,680,0
1381,679,0
1380,678,0
1380,677,0
1381,677,0
1380,678,0
1379,677,0
1378,677,0
1377,677,0
1375,677,0
1375,678,0
1374,678,0
1374,677,0
1374,677,0
1373,676,0
1374,675,0
1373,675,0
1372,674,0
1372,673,0
1371,672,0
1371,671,0
1370,669,0
1369,668,0
1368,667,0
1368,667,0
1368,667,0
1366,666,0
1366,665,0
1365,664,0
1364,662,0
1363,661,0
1363,660,0
1362,658,0
1361,656,0
1362,654,0
1361,652,0
1360,651,0
1359,651,0
1358,650,0
1357,649,0
1356,647,0
1355,646,0
1355,644,0
1354,643,0
1354,642,0
1353,640,0
1352,639,0
1351,638,0
1350,638,0
1350,638,0
1349,637,0
1348,637,0
1347,637,0
1345,637,0
1344,638,0
1341,638,0
1339,638,0
1339,638,0
1340,639,0
1339,639,0
1339,640,0
1339,641,0
1339,641,0
1339,642,0
1338,642,0
1338,642,0
1338,642,0
1338,642,0
1338,643,0
1338,643,0
1339,643,0
1339,643,0
1339,643,0
1339,643,0
1339,643,0
1340,642,0
1340,642,0
1340,642,0
1340,642,0
1340,642,0
1340,642,0
1340,642,0
1340,643,0
1340,643,0
1340,644,0
1340,644,0
1340,644,0
1341,643,0
1341,643,0
1341,644,0
1341,644,0
1341,644,0
1341,644,0
1341,644,0
1341,645,0
1341,645,0
1340,646,0
1340,647,0
1339,647,0
1340,647,0
1340,647,0
1340,648,0
1340,647,0
1339,647,0
1340,647,0
1340,647,0
1341,647,0
1340,647,0
1340,647,0
1340,647,0
1340,647,0
1340,647,0
1340,647,0
1340,647,0
1340,647,0
1340,646,0
1340,646,0
1340,646,0
1341,647,0
1340,647,0
1341,647,0
1341,647,0
1341,646,0
1341,647,0
1340,647,0
1340,646,0
1340,646,0
1339,645,0
1338,645,0
1338,645,0
1339,645,0
1339,645,0
1339,646,0
1339,646,0
1339,646,0
1339,646,0
1339,646,0
1335,610,0
1334,610,0
1334,610,0
1334,610,0
1334,610,0
1334,610,0
1334,610,0
1334,609,0
1333,608,0
1333,609,0
1333,609,0
1334,609,0
1334,610,0
1335,610,0
1335,610,0
1335,611,0
1335,611,0
1335,611,0
1335,610,0
1335,610,0
1334,610,0
1334,610,0
1335,611,0
1335,611,0
1335,611,0
1336,612,0
1338,611,0
1338,610,0
1338,610,0
1339,610,0
1338,611,0
1338,611,0
1338,612,0
1338,611,0
1338,611,0
1338,610,0
1339,610,0
1339,610,0
1339,611,0
1339,610,0
1339,610,0
1339,610,0
1339,610,0
1339,609,0
1339,610,0
1340,610,0
1339,610,0
1340,609,0
1341,608,0
1341,608,0
1342,607,0
1342,608,0
1343,608,0
1344,608,0
1344,608,0
1345,608,0
1345,608,0
1346,609,0
1346,609,0
1346,609,0
1346,609,0
1345,609,0
1346,610,0
1346,610,0
1346,609,0
1345,610,0
1346,609,0
1346,610,0
1345,610,0
1345,609,0
1346,610,0
1346,610,0
1346,609,0
1346,609,0
1346,609,0
1346,608,0
1346,610,0
1345,610,0
1345,609,0
1346,610,0
1347,609,0
1348,609,0
1348,607,0
1348,607,0
1349,606,0
1349,606,0
1349,605,0
1349,605,0
1349,605,0
1348,605,0
1348,605,0
1349,605,0
1350,605,0
1350,604,0
1351,603,0
1351,603,0
1352,602,0
1353,602,0
1353,602,0
1353,602,0
1353,599,0
1353,599,0
1353,599,0
1353,599,0
1353,599,0
1353,598,0
1354,597,0
1353,596,0
1353,596,0
1352,595,0
1352,594,0
1352,593,0
1352,593,0
1352,592,0
1352,591,0
1353,590,0
1353,589,0
1353,589,0
1353,589,0
1353,588,0
1353,587,0
1354,586,0
1354,586,0
1354,585,0
1354,583,0
1355,582,0
1356,581,0
1357,579,0
1357,577,0
1357,576,0
1356,575,0
1356,575,0
1357,575,0
1356,575,0
1356,574,0
1356,573,0
1356,572,0
1356,572,0
1357,571,0
1358,570,0
1359,569,0
1360,568,0
1361,567,0
1361,566,0
1361,566,0
1361,566,0
1362,564,0
1362,564,0
1363,564,0
1364,563,0
1364,562,0
1364,561,0
1364,561,0
1364,559,0
1364,558,0
1364,558,0
1365,558,0
1365,559,0
1365,559,0
1366,559,0
1366,557,0
1365,556,0
1366,555,0
1366,554,0
1365,552,0
1365,551,0
1365,551,0
1364,550,0
1364,550,0
1363,550,0
1362,549,0
1361,548,0
1361,546,0
1361,546,0
1361,544,0
1360,543,0
1359,542,0
1358,541,0
1357,540,0
1357,539,0
1357,538,0
1356,537,0
1355,536,0
1355,535,0
1355,535,0
1354,534,0
1353,533,0
1352,533,0
1352,532,0
1352,531,0
1351,531,0
1352,529,0
1351,528,0
1349,527,0
1349,526,0
1348,525,0
1347,525,0
1346,523,0
1345,522,0
1344,521,0
1343,522,0
1343,521,0
1343,519,0
1342,519,0
1342,518,0
1340,515,0
1339,513,0
1339,511,0
1338,509,0
1338,507,0
1338,506,0
1337,504,0
1337,502,0
1336,500,0
1335,499,0
1334,498,0
1334,497,0
1334,495,0
1334,493,0
1334,492,0
1334,490,0
1333,488,0
1333,486,0
1332,484,0
1331,482,0
1330,480,0
1330,479,0
1329,477,0
1327,475,0
1326,473,0
1325,472,0
1324,471,0
1322,469,0
1321,468,0
1320,466,0
1319,465,0
1318,464,0
1317,463,0
1317,462,0
1317,460,0
1316,459,0
1315,457,0
1314,457,0
1313,455,0
1312,455,0
1311,453,0
1312,453,0
1311,452,0
1309,451,0
1309,450,0
1309,450,0
1309,449,0
1307,448,0
1306,447,0
1305,446,0
1305,445,0
1303,444,0
1303,444,0
1303,442,0
1303,440,0
1303,440,0
1303,438,0
1303,436,0
1303,435,0
1303,433,0
1303,433,0
1303,433,0
1303,432,0
1302,430,0
1302,429,0
1303,427,0
1302,427,0
1301,425,0
1300,423,0
1299,422,0
1298,421,0
1298,420,0
1298,419,0
1298,419,0
1298,419,0
1298,419,0
1297,419,0
1297,419,0
1298,419,0
1298,419,0
1298,419,0
1298,419,0
1298,419,0
1298,419,0
1298,419,0
1298,419,0
1298,419,0
1298,419,0
1298,419,0
1298,420,0
1298,420,0
1298,420,0
1297,420,0
1298,419,0
1299,420,0
1300,448,0
1300,449,0
1300,449,0
1300,450,0
1300,450,0
1300,451,0
1300,450,0
1300,450,0
1300,450,0
1300,450,0
1300,450,0
1300,449,0
1299,449,0
1299,449,0
1299,449,0
1300,449,0
1299,449,0
1299,449,0
1298,450,0
1298,450,0
1297,450,0
1297,450,0
1296,450,0
1295,450,0
1295,450,0
1294,450,0
1293,450,0
1293,449,0
1293,449,0
1291,448,0
1290,449,0
1289,448,0
1288,449,0
1287,448,0
1286,448,0
1285,447,0
1285,447,0
1285,448,0
1284,447,0
1284,446,0
1283,445,0
1283,446,0
1283,444,0
1283,443,0
1283,443,0
1283,443,0
1283,442,0
1283,441,0
1282,440,0
1283,439,0
1282,438,0
1282,437,0
1282,436,0
1281,434,0
1281,433,0
1281,432,0
1281,430,0
1281,429,0
1281,428,0
1281,427,0
1282,425,0
1282,424,0
1282,423,0
1283,422,0
1282,421,0
1282,422,0
1281,422,0
1282,422,0
1282,421,0
1282,421,0
1283,420,0
1283,419,0
1282,417,0
1282,416,0
1283,414,0
1283,412,0
1283,411,0
1284,409,0
1284,408,0
1285,407,0
1286,405,0
1287,404,0
1288,403,0
1288,403,0
1289,402,0
1289,401,0
1290,399,0
1291,398,0
1291,396,0
1291,394,0
1291,392,0
1290,390,0
1290,388,0
1290,386,0
1290,383,0
1289,382,0
1289,380,0
1290,379,0
1290,377,0
1289,375,0
1283,419,0
1283,418,0
1283,416,0
1283,415,0
1283,414,0
1283,411,0
1282,410,0
1283,408,0
1282,407,0
1284,406,0
1285,405,0
1284,405,0
1283,404,0
1284,403,0
1285,401,0
1286,400,0
1287,399,0
1288,397,0
1289,396,0
1290,393,0
1289,392,0
1288,390,0
1288,388,0
1288,387,0
1288,385,0
1287,383,0
1287,382,0
1287,382,0
1287,382,0
1288,380,0
1288,378,0
1289,377,0
1289,377,0
1289,374,0
1288,374,0
1288,371,0
1288,369,0
1288,369,0
1288,367,0
1288,367,0
1288,366,0
1288,364,0
1288,362,0
1286,361,0
1285,359,0
1284,358,0
1283,357,0
1282,356,0
1281,356,0
1281,355,0
1280,355,0
1281,354,0
1281,354,0
1281,354,0
1281,355,0
1281,355,0
1281,355,0
1280,355,0
1281,355,0
1281,355,0
1282,354,0
1282,353,0
1282,352,0
1282,351,0
1282,351,0
1282,351,0
1283,352,0
1283,352,0
1283,352,0
1283,352,0
1283,352,0
1283,352,0
1282,351,0
1281,352,0
1282,353,0
1280,354,0
1280,354,0
1281,355,0
1280,354,0
1281,355,0
1281,354,0
1280,354,0
1281,354,0
1280,354,0
1280,355,0
1280,354,0
1280,354,0
1281,354,0
1280,354,0
1280,354,0
1280,354,0
1280,354,0
1280,354,0
1280,354,0
1280,354,0
1281,355,0
1281,354,0
1281,354,0
1280,355,0
1280,354,0
1288,302,0
1288,301,0
1288,301,0
1288,301,0
1288,299,0
1289,298,0
1290,297,0
1290,296,0
1291,295,0
1292,295,0
1293,294,0
1294,292,0
1295,291,0
1296,290,0
1297,289,0
1299,288,0
1299,288,0
1300,285,0
1299,284,0
1300,284,0
1300,283,0
1300,282,0
1301,282,0
1301,280,0
1302,279,0
1302,278,0
1303,277,0
1304,275,0
1306,274,0
1307,273,0
1308,272,0
1309,270,0
1310,269,0
1311,268,0
1311,268,0
1312,267,0
1312,265,0
1313,265,0
1313,263,0
1314,263,0
1315,262,0
1315,261,0
1316,261,0
1317,260,0
1318,259,0
1319,258,0
1319,257,0
1320,256,0
1321,254,0
1322,251,0
1323,249,0
1324,248,0
1325,246,0
1326,244,0
1326,242,0
1327,241,0
1328,240,0
1328,237,0
1329,236,0
1329,236,0
1329,236,0
1330,236,0
1331,236,0
1332,235,0
1332,235,0
1333,235,0
1333,234,0
1334,234,0
1336,234,0
1338,234,0
1340,234,0
1341,233,0
1342,232,0
1343,232,0
1344,230,0
1345,229,0
1346,227,0
1347,227,0
1347,226,0
1348,225,0
1349,224,0
1349,224,0
1350,224,0
1352,223,0
1352,223,0
1352,222,0
1353,222,0
1354,223,0
1354,223,0
1353,223,0
1354,224,0
1354,225,0
1355,225,0
1355,226,0
1355,227,0
1355,226,0
1357,227,0
1359,227,0
1359,227,0
1358,228,0
1361,222,0
1362,223,0
1363,222,0
1364,220,0
1365,219,0
1365,218,0
1365,217,0
1366,217,0
1366,216,0
1366,214,0
1366,213,0
1367,212,0
1368,210,0
1368,209,0
1369,207,0
1370,206,0
1371,205,0
1372,203,0
1373,202,0
1374,201,0
1375,199,0
1376,198,0
1377,197,0
1377,196,0
1377,195,0
1378,194,0
1379,192,0
1379,191,0
1380,190,0
1381,188,0
1381,186,0
1382,184,0
1382,183,0
1383,181,0
1383,180,0
1383,178,0
1384,177,0
1385,175,0
1386,174,0
1386,174,0
1387,172,0
1388,171,0
1389,170,0
1389,169,0
1390,169,0
1391,168,0
1392,167,0
1392,167,0
1393,166,0
1394,165,0
1394,165,0
1395,164,0
1395,164,0
1396,163,0
1397,161,0
1397,160,0
1398,158,0
1398,157,0
1399,157,0
1400,157,0
1401,157,0
1401,158,0
1401,157,0
1402,157,0
1402,157,0
1403,156,0
1402,155,0
1403,155,0
1403,154,0
1403,153,0
1404,152,0
1404,152,0
1403,150,0
1404,149,0
1406,149,0
1407,148,0
1408,147,0
1409,147,0
1411,147,0
1411,147,0
1412,147,0
1413,147,0
1414,147,0
1415,147,0
1414,147,0
1415,146,0
1416,147,0
1416,146,0
1417,146,0
1418,146,0
1420,146,0
1420,145,0
1420,145,0
1420,145,0
1420,146,0
1420,145,0
1421,143,0
1421,142,0
1422,141,0
1422,141,0
1431,156,0
1431,156,0
1431,155,0
1431,154,0
1431,154,0
1430,154,0
1430,154,0
1430,153,0
1430,152,0
1431,151,0
1430,151,0
1430,151,0
1430,151,0
1429,152,0
1429,152,0
1429,152,0
1428,153,0
1427,154,0
1427,155,0
1427,156,0
1428,157,0
1429,157,0
1430,158,0
1430,159,0
1430,159,0
1430,159,0
1429,160,0
1430,160,0
1429,161,0
1430,161,0
1430,161,0
1430,161,0
1430,162,0
1430,163,0
1430,163,0
1430,163,0
1430,164,0
1431,164,0
1431,165,0
1431,165,0
1432,165,0
1432,166,0
1432,167,0
1431,167,0
1431,167,0
1432,168,0
1431,168,0
1432,168,0
1431,169,0
1431,169,0
1431,169,0
1431,170,0
1430,170,0
1429,170,0
1429,169,0
1429,167,0
1429,166,0
1430,165,0
1431,164,0
1431,163,0
1430,162,0
1430,162,0
1430,160,0
1429,159,0
1429,159,0
1429,158,0
1429,158,0
1430,157,0
1431,157,0
1432,157,0
1432,157,0
1432,156,0
1432,156,0
1432,157,0
1432,157,0
1432,157,0
1432,156,0
1432,156,0
1432,156,0
1432,155,0
1432,155,0
1433,156,0
1433,156,0
1433,156,0
1433,156,0
1433,156,0
1434,156,0
1434,156,0
1433,157,0
1433,157,0
1433,157,0
1432,156,0
1433,156,0
1433,156,0
1434,156,0
1435,156,0
1436,156,0
1436,156,0
1435,156,0
1436,156,0
1438,155,0
1438,155,0
1437,155,0
1437,155,0
1437,155,0
1438,156,0
1438,155,0
1438,155,0
1438,154,0
1439,154,0
1439,154,0
1439,154,0
1439,154,0
1439,154,0
1439,154,0
1439,154,0
1439,154,0
1440,154,0
1440,154,0
1439,154,0
1439,154,0
1440,154,0
1439,154,0
1438,154,0
1437,154,0
1436,154,0
1436,154,0
1436,154,0
1436,153,0
1436,153,0
1436,153,0
1435,153,0
1435,152,0
1436,152,0
1436,152,0
1435,153,0
1435,154,0
1435,155,0
1435,155,0
1435,155,0
1435,156,0
1436,156,0
1436,156,0
1436,156,0
1437,156,0
1437,156,0
1437,155,0
1438,154,0
1438,155,0
1438,154,0
1438,154,0
1438,154,0
1438,152,0
1438,153,0
1438,154,0
1438,153,0
1438,153,0
1438,154,0
1438,154,0
1438,154,0
1439,154,0
1439,154,0
1439,154,0
1439,154,0
1439,154,0
1440,154,0
1440,154,0
1440,154,0
1441,154,0
1441,154,0
1441,154,0
1442,154,0
1442,154,0
1442,154,0
1443,154,0
1443,154,0
1443,154,0
1443,154,0
1443,154,0
1443,154,0
1442,154,0
1442,154,0
1442,154,0
1443,154,0
1443,154,0
1443,154,0
1443,154,0
1443,154,0
1443,154,0
1443,154,0
1443,154,0
1444,154,0
1444,154,0
1444,154,0
1444,153,0
1444,154,0
1444,154,0
1446,154,0
1446,154,0
1445,153,0
1444,153,0
1444,154,0
1445,153,0
1446,153,0
1447,153,0
1447,153,0
1446,153,0
1447,152,0
1447,152,0
1447,152,0
1447,153,0
1447,153,0
1447,153,0
1447,153,0
1447,153,0
1448,153,0
1447,152,0
1448,152,0
1448,152,0
1448,152,0
1448,152,0
1448,152,0
1448,152,0
1448,152,0
1449,152,0
1449,152,0
1447,152,0
1446,153,0
1446,152,0
1446,152,0
1446,153,0
1447,152,0
1447,152,0
1447,153,0
1446,152,0
1445,153,0
1445,153,0
1446,153,0
1447,153,0
1447,153,0
1447,153,0
1447,152,0
1448,152,0
1448,152,0
1448,152,0
1447,152,0
1448,152,0
1449,152,0
1451,152,0
1451,152,0
1451,151,0
1451,151,0
1451,151,0
1451,151,0
1452,152,0
1451,152,0
1452,151,0
1452,151,0
1451,152,0
1451,152,0
1451,152,0
1451,152,0
1451,152,0
1451,152,0
1451,152,0
1451,152,0
1451,152,0
1451,152,0
1451,152,0
1451,152,0
1451,152,0
1451,152,0
1452,152,0
1451,152,0
1451,152,0
1451,152,0
1452,152,0
1452,152,0
1452,152,0
1451,153,0
1451,153,0
1451,153,0
1451,152,0
1451,152,0
1450,152,0
1451,152,0
1451,151,0
1452,152,0
1451,152,0
1451,152,0
1452,152,0
1451,152,0
1452,152,0
1451,152,0
1451,152,0
1451,153,0
1450,152,0
1450,153,0
1451,152,0
1451,152,0
1452,151,0
1452,152,0
1452,152,0
1452,151,0
1452,152,0
1452,152,0
1452,152,0
1452,152,0
1451,152,0
1451,151,0
1451,152,0
1451,152,0
1450,152,0
1451,152,0
1451,153,0
1451,152,0
1451,152,0
1450,152,0
1451,152,0
1451,152,0
1451,152,0
1451,152,0
1451,153,0
1451,152,0
1450,152,0
1450,152,0
1450,152,0
1448,152,0
1449,152,0
1448,152,0
1448,153,0
1447,153,0
1448,152,0
1448,152,0
1447,153,0
1447,153,0
1447,153,0
1448,153,0
1448,152,0
1449,152,0
1449,152,0
1450,153,0
1450,153,0
1450,153,0
1450,152,1
1449,152,1
1449,151,1
1449,152,1
1448,152,1
1448,152,1
1447,152,1
1446,153,1
1446,152,1
1446,152,1
1446,152,1
1446,153,1
1446,153,1
1446,153,1
1446,153,1
1446,153,1
1446,153,1
1446,153,1
1446,153,1
1446,153,1
1445,153,1
1445,154,1
1445,154,1
1445,154,1
1445,154,1
1445,154,1
1445,153,1
1446,154,1
1445,153,1
1446,153,1
1445,153,1
1446,153,1
1445,153,1
1446,153,1
1445,153,1
1445,153,1
1446,153,1
1446,154,1
1445,154,1
1446,154,1
1445,154,1
1445,153,1
1445,153,1
1445,153,1
1445,153,1
1445,153,1
1445,153,1
1445,153,1
1445,153,1
1445,153,1
1445,153,1
1445,153,1
1445,153,1
1444,153,1
1445,153,1
1445,153,1
1445,153,1
1445,153,1
1445,153,1
1445,153,1
1445,153,1
1445,153,1
1445,153,1
1445,153,1
1446,154,1
1446,154,1
1446,155,1
1446,155,1
1446,155,1
1446,155,1
1446,155,1
1446,155,1
1446,155,1
1446,155,1
1446,155,1
1446,155,1
1446,155,1
1446,154,1
1445,154,1
1446,154,1
1445,154,1
1445,154,1
1445,154,1
1445,154,1
1445,155,1
1445,155,1
1445,155,1
1445,155,1
1445,155,1
1445,156,1
1444,156,1
1444,156,1
1444,156,1
1444,157,1
1443,157,1
1443,158,1
1443,158,1
1443,158,1
1444,158,1
1443,158,1
1443,158,1
1443,158,1
1444,158,1
1444,158,1
1445,158,1
1445,159,1
1445,160,1
1446,160,1
1445,160,1
1445,160,1
1444,160,1
1444,161,1
1444,162,1
1444,163,1
1444,164,1
1444,165,1
1443,165,1
1443,166,1
1443,167,1
1443,167,1
1442,166,1
1442,167,1
1442,168,1
1443,167,1
1443,167,1
1443,167,1
1442,167,1
1442,167,1
1443,167,1
1443,167,1
1443,167,1
1443,167,1
1443,167,1
1442,166,1
1442,167,1
1442,167,1
1442,167,1
1442,167,1
1442,167,1
1442,168,1
1443,168,1
1442,168,1
1443,168,1
1442,168,1
1442,167,1
1443,167,1
1443,168,1
1443,169,1
1443,170,1
1443,171,1
1442,172,1
1441,173,1
1440,174,1
1439,175,1
1439,176,1
1438,177,1
1434,184,1
1434,184,1
1434,184,1
1433,184,1
1433,185,1
1433,186,1
1432,187,1
1432,188,1
1432,189,1
1431,191,1
1431,192,1
1431,194,1
1430,195,1
1430,197,1
1430,198,1
1429,200,1
1428,202,1
1428,203,1
1427,205,1
1426,206,1
1426,206,1
1426,207,1
1426,208,1
1426,208,1
1426,209,1
1426,210,1
1425,212,1
1426,213,1
1425,214,1
1424,215,1
1423,216,1
1423,216,1
1422,217,1
1422,217,1
1422,217,1
1422,217,1
1422,217,1
1421,218,1
1421,218,1
1420,219,1
1420,219,1
1419,221,1
1418,221,1
1417,222,1
1417,223,1
1417,225,1
1416,226,1
1415,227,1
1414,228,1
1413,229,1
1413,230,1
1412,231,1
1411,233,1
1411,235,1
1410,237,1
1410,239,1
1409,240,1
1409,241,1
1408,242,1
1408,244,1
1408,246,1
1407,247,1
1407,249,1
1406,251,1
1406,252,1
1406,253,1
1405,255,1
1405,255,1
1405,257,1
1405,257,1
1404,258,1
1404,259,1
1404,259,1
1404,260,1
1404,260,1
1403,261,1
1402,261,1
1403,260,1
1403,261,1
1402,261,1
1402,260,1
1402,261,1
1402,262,1
1401,263,1
1400,264,1
1399,265,1
1398,267,1
1397,269,1
1397,270,1
1397,270,1
1397,271,1
1397,272,1
1396,273,1
1395,273,1
1395,273,1
1394,274,1
1395,275,1
1395,275,1
1394,276,1
1394,277,1
1393,278,1
1392,279,1
1391,279,1
1391,280,1
1391,281,1
1390,283,1
1389,284,1
1389,285,1
1388,287,1
1387,288,1
1386,288,1
1386,288,1
1385,289,1
1384,290,1
1384,292,1
1383,293,1
1383,294,1
1383,295,1
1382,297,1
1381,298,1
1381,300,1
1380,301,1
1379,302,1
1379,304,1
1378,305,1
1377,307,1
1377,308,1
1377,309,1
1376,311,1
1375,313,1
1375,314,1
1375,315,1
1375,317,1
1375,319,1
1375,320,1
1374,322,1
1374,323,1
1373,324,1
1373,326,1
1373,327,1
1373,328,1
1373,329,1
1374,330,1
1374,331,1
1374,331,1
1374,331,1
1373,331,1
1373,332,1
1373,333,1
1372,334,1
1372,334,1
1371,335,1
1371,336,1
1371,337,1
1371,338,1
1371,339,1
1371,340,1
1370,340,1
1370,340,1
1370,341,1
1371,341,1
1371,341,1
1372,341,1
1372,342,1
1372,343,1
1372,344,1
1373,345,1
1373,347,1
1373,349,1
1373,350,1
1373,351,1
1373,352,1
1373,353,1
1372,355,1
1372,356,1
1372,357,1
1372,357,1
1372,357,1
1372,357,1
1372,358,1
1372,360,1
1372,361,1
1371,362,1
1371,362,1
1371,363,1
1371,364,1
1371,365,1
1371,365,1
1371,366,1
1371,366,1
1371,367,1
1370,368,1
1371,370,1
1372,370,1
1373,371,1
1374,371,1
1373,371,1
1373,372,1
1374,372,1
1374,371,1
1372,365,1
1371,366,1
1371,367,1
1372,369,1
1372,370,1
1372,372,1
1372,374,1
1372,376,1
1371,377,1
1371,379,1
1371,380,1
1371,381,1
1371,383,1
1371,384,1
1371,386,1
1370,388,1
1370,389,1
1369,391,1
1368,393,1
1368,393,1
1367,394,1
1367,395,1
1366,396,1
1366,397,1
1365,399,1
1365,400,1
1364,402,1
1364,404,1
1363,405,1
1362,407,1
1361,409,1
1360,410,1
1359,411,1
1359,412,1
1358,413,1
1357,415,1
1356,416,1
1354,417,1
1354,418,1
1353,419,1
1352,420,1
1353,421,1
1352,422,1
1352,423,1
1352,425,1
1351,427,1
1350,428,1
1350,430,1
1350,431,1
1349,432,1
1349,432,1
1349,433,1
1349,435,1
1349,436,1
1349,438,1
1348,439,1
1348,440,1
1347,442,1
1346,443,1
1346,444,1
1345,444,1
1344,445,1
1344,446,1
1343,446,1
1343,446,1
1342,447,1
1342,449,1
1341,450,1
1340,452,1
1340,452,1
1340,453,1
1340,453,1
1341,454,1
1340,454,1
1340,455,1
1340,455,1
1341,456,1
1341,456,1
1342,457,1
1341,457,1
1340,457,1
1339,458,1
1338,459,1
1338,459,1
1338,460,1
1338,461,1
1338,461,1
1337,462,1
1337,463,1
1336,465,1
1337,467,1
1337,469,1
1336,471,1
1336,473,1
1336,475,1
1336,476,1
1336,476,1
1336,476,1
1336,476,1
1336,476,1
1326,473,1
1326,474,1
1326,474,1
1326,474,1
1326,474,1
1326,474,1
1326,474,1
1326,474,1
1327,474,1
1328,474,1
1329,475,1
1328,476,1
1329,477,1
1330,476,1
1329,476,1
1329,475,1
1329,476,1
1329,476,1
1329,476,1
1329,476,1
1329,476,1
1329,476,1
1329,476,1
1329,476,1
1329,476,1
1329,476,1
1329,475,1
1329,474,1
1329,474,1
1328,473,1
1328,472,1
1328,472,1
1329,471,1
1329,469,1
1328,469,1
1327,469,1
1327,469,1
1326,470,1
1326,470,1
1326,471,1
1325,471,1
1325,471,1
1324,472,1
1323,472,1
1322,473,1
1321,473,1
1320,473,1
1318,475,1
1317,476,1
1316,477,1
1315,478,1
1314,478,1
1313,480,1
1313,481,1
1312,483,1
1311,484,1
1311,486,1
1310,488,1
1309,489,1
1308,490,1
1308,491,1
1307,492,1
1306,493,1
1305,493,1
1304,494,1
1304,495,1
1304,497,1
1303,499,1
1303,500,1
1302,502,1
1301,503,1
1301,504,1
1300,504,1
1299,505,1
1299,506,1
1298,506,1
1298,507,1
1297,508,1
1298,508,1
1298,508,1
1298,508,1
1297,508,1
1297,509,1
1297,509,1
1296,510,1
1296,511,1
1296,512,1
1295,512,1
1295,513,1
1294,513,1
1293,514,1
1293,514,1
1292,515,1
1291,516,1
1291,517,1
1291,517,1
1290,518,1
1290,518,1
1290,518,1
1290,519,1
1290,519,1
1290,520,1
1290,521,1
1290,522,1
1290,524,1
1290,525,1
1290,526,1
1289,527,1
1288,528,1
1287,529,1
1287,530,1
1287,532,1
1286,533,1
1285,535,1
1284,536,1
1283,537,1
1282,539,1
1281,540,1
1280,541,1
1279,542,1
1278,543,1
1277,544,1
1276,545,1
1276,546,1
1275,547,1
1275,547,1
1274,547,1
1274,548,1
1274,547,1
1274,548,1
1274,547,1
1273,548,1
1272,549,1
1271,549,1
1271,550,1
1270,550,1
1269,550,1
1269,550,1
1268,551,1
1268,551,1
1269,552,1
1269,552,1
1268,553,1
1267,554,1
1266,554,1
1265,556,1
1264,557,1
1263,559,1
1262,560,1
1262,560,1
1261,561,1
1261,562,1
1260,563,1
1258,564,1
1257,566,1
1256,568,1
1256,569,1
1256,570,1
1255,571,1
1254,573,1
1253,574,1
1252,575,1
1252,575,1
1250,576,1
1250,577,1
1249,578,1
1249,580,1
1248,581,1
1247,582,1
1246,583,1
1245,585,1
1244,587,1
1243,589,1
1243,590,1
1242,591,1
1242,591,1
1242,592,1
1241,593,1
1241,594,1
1241,595,1
1241,596,1
1240,597,1
1240,598,1
1240,599,1
1239,601,1
1238,602,1
1238,603,1
1238,604,1
1238,604,1
1239,605,1
1239,605,1
1238,606,1
1237,607,1
1237,606,1
1236,607,1
1236,607,1
1235,608,1
1234,609,1
1233,611,1
1232,612,1
1231,615,1
1230,615,1
1229,617,1
1228,618,1
1227,620,1
1226,622,1
1225,623,1
1225,624,1
1224,624,1
1223,624,1
1222,625,1
1222,626,1
1221,626,1
1221,627,1
1220,627,1
1221,628,1
1220,629,1
1220,629,1
1220,630,1
1220,631,1
1220,633,1
1220,633,1
1220,634,1
1219,635,1
1218,636,1
1218,636,1
1218,637,1
1217,639,1
1217,640,1
1216,642,1
1215,643,1
1214,644,1
1213,645,1
1213,646,1
1212,648,1
1211,649,1
1210,651,1
1209,652,1
1210,653,1
1210,655,1
1210,656,1
1210,657,1
1210,659,1
1209,661,1
1209,662,1
1208,664,1
1208,665,1
1208,667,1
1208,669,1
1207,671,1
1206,673,1
1206,675,1
1205,677,1
1205,679,1
1204,681,1
1203,682,1
1202,684,1
1201,685,1
1200,687,1
1199,689,1
1198,690,1
1197,691,1
1197,691,1
1197,693,1
1196,694,1
1196,695,1
1194,697,1
1193,698,1
1193,699,1
1191,700,1
1190,702,1
1188,703,1
1187,705,1
1185,707,1
1185,707,1
1184,708,1
1183,709,1
1183,710,1
1182,712,1
1181,712,1
1180,714,1
1179,715,1
1178,717,1
1177,718,1
1176,720,1
1176,721,1
1176,721,1
1175,722,1
1175,721,1
1175,722,1
1175,721,1
1175,722,1
1176,723,1
1177,724,1
1178,725,1
1177,724,1
1178,726,1
1178,727,1
1178,729,1
1178,731,1
1176,735,1
1176,736,1
1175,738,1
1174,739,1
1174,741,1
1173,743,1
1173,745,1
1173,747,1
1172,748,1
1172,749,1
1171,749,1
1171,750,1
1170,751,1
1170,753,1
1169,754,1
1168,755,1
1167,756,1
1167,757,1
1166,759,1
1165,760,1
1164,761,1
1164,762,1
1163,764,1
1162,766,1
1160,768,1
1159,770,1
1158,772,1
1157,774,1
1156,775,1
1154,777,1
1154,778,1
1153,780,1
1153,781,1
1152,782,1
1151,784,1
1151,785,1
1150,786,1
1149,787,1
1147,788,1
1146,789,1
1145,791,1
1145,792,1
1144,793,1
1143,794,1
1141,795,1
1141,796,1
1140,798,1
1139,799,1
1138,801,1
1137,802,1
1136,804,1
1134,806,1
1133,807,1
1132,809,1
1131,810,1
1130,812,1
1129,813,1
1128,815,1
1126,817,1
1125,818,1
1124,819,1
1124,820,1
1124,820,1
1123,821,1
1123,821,1
1123,822,1
1123,822,1
1123,824,1
1123,825,1
1123,825,1
1123,826,1
1123,827,1
1123,827,1
1122,827,1
1123,829,1
1122,830,1
1121,831,1
1121,832,1
1121,834,1
1121,835,1
1121,837,1
1121,838,1
1121,840,1
1121,842,1
1121,844,1
1121,846,1
1121,848,1
1122,850,1
1122,851,1
1122,853,1
1122,855,1
1122,856,1
1122,858,1
1121,860,1
1121,862,1
1121,863,1
1122,865,1
1122,867,1
1121,868,1
1121,870,1
1121,872,1
1120,873,1
1120,874,1
1120,876,1
1119,877,1
1118,879,1
1118,880,1
1117,881,1
1117,883,1
1116,884,1
1115,886,1
1114,887,1
1113,889,1
1113,891,1
1112,892,1
1112,893,1
1111,894,1
1111,895,1
1111,896,1
1110,897,1
1109,899,1
1108,901,1
1108,902,1
1107,904,1
1107,906,1
1106,907,1
1105,909,1
1104,910,1
1103,912,1
1102,913,1
1101,914,1
1100,916,1
1100,916,1
1099,917,1
1099,918,1
1098,919,1
1096,921,1
1096,922,1
1095,923,1
1094,925,1
1094,926,1
1093,928,1
1093,930,1
1092,931,1
1092,933,1
1091,934,1
1091,936,1
1090,937,1
1090,939,1
1089,941,1
1088,943,1
1087,944,1
1087,946,1
1086,947,1
1086,948,1
1085,950,1
1085,951,1
1085,952,1
1085,954,1
1086,955,1
1086,956,1
1086,957,1
1086,959,1
1086,960,1
1086,961,1
1085,963,1
1085,964,1
1083,965,1
1082,966,1
1082,968,1
1081,969,1
1080,970,1
1079,971,1
1079,972,1
1079,973,1
1078,974,1
1078,976,1
1077,978,1
1076,980,1
1075,981,1
1074,983,1
1073,985,1
1072,986,1
1071,988,1
1070,989,1
1070,990,1
1070,992,1
1070,994,1
1069,995,1
1069,997,1
1069,999,1
1068,1001,1
1068,1003,1
1067,1005,1
1067,1007,1
1067,1008,1
1066,1010,1
1066,1011,1
1065,1011,1
1065,1011,1
1065,1012,1
1064,1014,1
1064,1015,1
1063,1016,1
1062,1017,1
1061,1018,1
1060,1018,1
1060,1019,1
1059,1020,1
1058,1020,1
1057,1021,1
1057,1022,1
1057,1023,1
1056,1024,1
1057,1025,1
1057,1027,1
1056,1029,1
1056,1030,1
1056,1032,1
1055,1033,1
1054,1034,1
1054,1035,1
1053,1036,1
1052,1038,1
1051,1040,1
1050,1042,1
1049,1043,1
1048,1044,1
1048,1045,1
1048,1046,1
1048,1048,1
1048,1049,1
1047,1051,1
1048,1052,1
1048,1054,1
1048,1055,1
1048,1057,1
1048,1058,1
1048,1058,1
1047,1059,1
1047,1060,1
1046,1061,1
1045,1063,1
1044,1065,1
1044,1066,1
1043,1068,1
1042,1069,1
1041,1071,1
1040,1072,1
1040,1072,1
1040,1072,1
1040,1073,1
1041,1074,1
1040,1075,1
1040,1076,1
1039,1078,1
1039,1079,1
1038,1080,1
1038,1082,1
1038,1084,1
1038,1085,1
1037,1088,1
1037,1089,1
1037,1091,1
1036,1093,1
1036,1094,1
1035,1095,1
1035,1097,1
1035,1098,1
1034,1099,1
1034,1100,1
1034,1102,1
1033,1103,1
1033,1105,1
1032,1107,1
1031,1108,1
1031,1110,1
1030,1112,1
1029,1114,1
1028,1115,1
1027,1117,1
1026,1118,1
1025,1120,1
1023,1121,1
1022,1122,1
1021,1123,1
1021,1123,1
1020,1125,1
1019,1126,1
1018,1127,1
1018,1128,1
1017,1130,1
1016,1131,1
1015,1133,1
1014,1134,1
1013,1134,1
1014,1134,1
1013,1135,1
1012,1135,1
1011,1136,1
1010,1138,1
1010,1139,1
1009,1140,1
1009,1142,1
1009,1143,1
1008,1145,1
1008,1146,1
1007,1148,1
1007,1149,1
1006,1150,1
1005,1152,1
1004,1154,1
1003,1155,1
1003,1157,1
1003,1158,1
1003,1159,1
1003,1160,1
1003,1161,1
1002,1162,1
1002,1164,1
1001,1165,1
1000,1166,1
1000,1167,1
999,1169,1
999,1171,1
999,1172,1
998,1174,1
997,1175,1
996,1176,1
995,1178,1
994,1179,1
993,1181,1
993,1183,1
992,1185,1
991,1187,1
991,1188,1
991,1190,1
990,1192,1
990,1194,1
989,1196,1
989,1198,1
988,1200,1
987,1201,1
987,1202,1
987,1203,1
986,1204,1
986,1205,1
986,1207,1
985,1208,1
985,1211,1
985,1212,1
985,1214,1
984,1215,1
984,1217,1
983,1219,1
983,1220,1
982,1222,1
982,1224,1
981,1226,1
980,1228,1
980,1229,1
979,1231,1
978,1232,1
978,1234,1
977,1234,1
977,1235,1
977,1235,1
977,1236,1
976,1237,1
976,1237,1
976,1238,1
975,1240,1
976,1241,1
976,1243,1
976,1245,1
976,1247,1
976,1248,1
976,1250,1
976,1251,1
975,1253,1
975,1255,1
974,1256,1
974,1258,1
974,1260,1
973,1261,1
973,1264,1
972,1265,1
972,1267,1
972,1269,1
971,1270,1
971,1272,1
970,1273,1
970,1275,1
969,1276,1
969,1278,1
968,1280,1
968,1281,1
968,1282,1
968,1283,1
968,1284,1
967,1286,1
967,1288,1
967,1289,1
967,1290,1
966,1292,1
966,1294,1
966,1296,1
966,1297,1
966,1298,1
965,1298,1
965,1299,1
964,1300,1
963,1301,1
962,1303,1
962,1304,1
961,1306,1
960,1307,1
959,1308,1
958,1309,1
957,1311,1
956,1312,1
955,1313,1
953,1314,1
953,1316,1
953,1317,1
953,1319,1
952,1320,1
952,1322,1
952,1324,1
951,1326,1
950,1328,1
949,1329,1
949,1331,1
948,1332,1
947,1334,1
946,1336,1
946,1337,1
945,1339,1
944,1340,1
943,1340,1
943,1341,1
942,1342,1
942,1343,1
941,1344,1
941,1346,1
941,1347,1
941,1349,1
940,1351,1
939,1353,1
939,1354,1
938,1355,1
938,1355,1
937,1356,1
936,1357,1
936,1358,1
935,1359,1
935,1360,1
934,1361,1
933,1362,1
932,1363,1
932,1364,1
931,1365,1
931,1366,1
931,1368,1
931,1369,1
931,1370,1
931,1371,1
931,1373,1
931,1374,1
930,1376,1
930,1377,1
930,1379,1
930,1381,1
929,1382,1
929,1384,1
929,1385,1
928,1386,1
928,1387,1
928,1388,1
928,1389,1
928,1390,1
927,1392,1
927,1394,1
927,1396,1
926,1399,1
926,1401,1
926,1403,1
926,1405,1
926,1407,1
925,1409,1
926,1411,1
925,1412,1
925,1413,1
925,1414,1
925,1415,1
925,1416,1
924,1417,1
924,1418,1
923,1420,1
922,1422,1
921,1424,1
921,1425,1
922,1427,1
922,1429,1
922,1430,1
922,1432,1
922,1434,1
922,1435,1
922,1437,1
921,1439,1
921,1440,1
920,1442,1
919,1443,1
919,1444,1
919,1445,1
918,1447,1
918,1448,1
918,1449,1
918,1450,1
918,1452,1
918,1453,1
918,1455,1
918,1456,1
918,1458,1
917,1460,1
917,1461,1
918,1462,1
917,1464,1
916,1465,1
916,1466,1
915,1468,1
914,1470,1
914,1472,1
914,1473,1
914,1474,1
914,1474,1
914,1475,1
914,1477,1
914,1477,1
914,1479,1
914,1480,1
914,1482,1
913,1484,1
913,1486,1
913,1487,1
912,1488,1
913,1489,1
913,1489,1
913,1490,1
913,1491,1
914,1492,1
915,1492,1
915,1494,1
916,1495,1
916,1497,1
916,1498,1
917,1500,1
917,1501,1
918,1501,1
918,1502,1
918,1503,1
918,1505,1
919,1506,1
919,1507,1
920,1508,1
921,1510,1
922,1511,1
922,1513,1
923,1514,1
923,1516,1
925,1518,1
926,1519,1
927,1521,1
928,1523,1
929,1524,1
930,1525,1
930,1526,1
930,1527,1
930,1527,1
930,1527,1
930,1528,1
930,1530,1
929,1531,1
929,1533,1
928,1534,1
928,1535,1
927,1537,1
926,1538,1
926,1539,1
925,1540,1
924,1542,1
923,1543,1
923,1544,1
922,1546,1
921,1547,1
921,1548,1
920,1550,1
920,1551,1
920,1553,1
920,1554,1
921,1556,1
920,1557,1
920,1558,1
920,1559,1
920,1560,1
919,1562,1
919,1563,1
919,1565,1
919,1567,1
919,1568,1
918,1570,1
918,1571,1
917,1573,1
917,1574,1
917,1576,1
916,1577,1
916,1579,1
916,1581,1
915,1582,1
915,1583,1
915,1585,1
914,1586,1
914,1587,1
914,1588,1
914,1589,1
914,1590,1
914,1592,1
915,1593,1
915,1596,1
916,1598,1
916,1599,1
917,1601,1
917,1603,1
917,1605,1
917,1606,1
918,1607,1
919,1608,1
920,1609,1
921,1610,1
922,1612,1
923,1613,1
925,1614,1
926,1614,1
927,1615,1
928,1615,1
930,1616,1
931,1617,1
932,1618,1
933,1619,1
934,1620,1
935,1621,1
936,1622,1
937,1623,1
938,1624,1
939,1625,1
940,1626,1
940,1628,1
941,1628,1
941,1629,1
941,1629,1
940,1630,1
940,1630,1
940,1630,1
940,1631,1
940,1633,1
940,1634,1
941,1635,1
941,1635,1
941,1636,1
942,1636,1
941,1637,1
941,1638,1
941,1639,1
941,1640,1
942,1641,1
942,1642,1
942,1643,1
942,1643,1
942,1643,1
942,1644,1
941,1645,1
941,1645,1
941,1646,1
941,1647,1
940,1648,1
939,1649,1
938,1650,1
937,1651,1
936,1652,1
936,1653,1
936,1654,1
935,1655,1
935,1656,1
935,1658,1
936,1660,1
936,1661,1
935,1662,1
935,1663,1
935,1665,1
935,1666,1
935,1669,1
935,1669,1
934,1671,1
934,1672,1
935,1673,1
935,1675,1
935,1676,1
935,1678,1
936,1680,1
937,1681,1
938,1682,1
938,1684,1
939,1685,1
940,1686,1
941,1687,1
942,1688,1
942,1689,1
942,1690,1
942,1692,1
942,1693,1
942,1695,1
943,1697,1
943,1698,1
944,1699,1
944,1700,1
945,1701,1
945,1702,1
945,1701,1
945,1701,1
945,1700,1
946,1700,1
945,1700,1
945,1699,1
945,1699,1
944,1700,1
944,1701,1
943,1702,1
943,1703,1
944,1704,1
944,1705,1
943,1706,1
943,1707,1
942,1708,1
941,1708,1
940,1709,1
940,1710,1
940,1711,1
940,1713,1
939,1714,1
939,1716,1
939,1717,1
938,1718,1
938,1719,1
938,1721,1
938,1722,1
937,1723,1
937,1725,1
937,1726,1
937,1727,1
937,1728,1
937,1730,1
937,1732,1
937,1734,1
937,1735,1
937,1736,1
937,1737,1
937,1738,1
937,1740,1
937,1741,1
936,1743,1
936,1745,1
936,1746,1
936,1747,1
936,1749,1
936,1751,1
936,1753,1
936,1755,1
936,1757,1
936,1759,1
936,1761,1
936,1763,1
937,1764,1
938,1766,1
938,1767,1
939,1769,1
940,1770,1
940,1772,1
940,1773,1
940,1775,1
940,1777,1
939,1779,1
939,1781,1
938,1783,1
937,1784,1
937,1785,1
937,1787,1
937,1789,1
936,1791,1
935,1793,1
934,1794,1
934,1796,1
934,1798,1
934,1799,1
934,1800,1
934,1800,1
933,1801,1
933,1802,1
932,1803,1
932,1805,1
932,1806,1
932,1806,1
931,1808,1
930,1808,1
929,1809,1
929,1810,1
928,1811,1
928,1812,1
927,1814,1
927,1815,1
927,1817,1
927,1818,1
926,1820,1
926,1822,1
926,1823,1
926,1824,1
926,1825,1
926,1826,1
926,1827,1
927,1829,1
928,1830,1
928,1832,1
929,1833,1
930,1834,1
931,1836,1
931,1836,1
932,1837,1
932,1837,1
932,1838,1
931,1838,1
931,1838,1
931,1839,1
931,1840,1
931,1841,1
931,1843,1
931,1844,1
931,1846,1
931,1846,1
932,1848,1
932,1849,1
932,1851,1
932,1852,1
932,1854,1
932,1856,1
932,1858,1
932,1859,1
932,1860,1
932,1861,1
932,1862,1
932,1864,1
932,1866,1
932,1867,1
933,1869,1
933,1870,1
933,1872,1
933,1874,1
933,1876,1
933,1877,1
933,1879,1
933,1881,1
933,1883,1
932,1884,1
932,1887,1
931,1888,1
930,1890,1
930,1890,1
930,1890,1
930,1891,1
931,1892,1
932,1893,1
933,1894,1
934,1895,1
934,1897,1
934,1898,1
934,1900,1
934,1901,1
934,1903,1
934,1905,1
935,1907,1
935,1909,1
935,1910,1
935,1912,1
935,1914,1
934,1914,1
934,1915,1
934,1916,1
933,1917,1
932,1919,1
932,1921,1
931,1923,1
930,1925,1
930,1928,1
930,1930,1
930,1932,1
930,1933,1
930,1935,1
931,1938,1
931,1940,1
931,1941,1
932,1943,1
933,1944,1
933,1945,1
934,1946,1
934,1948,1
935,1949,1
935,1950,1
935,1952,1
934,1953,1
934,1954,1
934,1955,1
933,1957,1
933,1959,1
932,1961,1
932,1962,1
932,1964,1
931,1966,1
931,1968,1
931,1970,1
930,1972,1
929,1973,1
929,1976,1
929,1978,1
928,1980,1
928,1982,1
927,1984,1
927,1985,1
926,1986,1
925,1987,1
924,1989,1
924,1991,1
924,1993,1
925,1995,1
926,1996,1
926,1996,1
925,1996,1
926,1996,1
925,1996,1
925,1996,1
925,1997,1
926,1998,1
926,1999,1
926,1999,1
926,2000,1
927,2001,1
927,2002,1
928,2002,1
927,2003,1
927,2003,1
927,2003,1
927,2004,1
927,2004,1
927,2006,1
927,2005,1
926,2006,1
927,2007,1
927,2008,1
928,2009,1
928,2009,1
928,2010,1
928,2011,1
928,2013,1
927,2014,1
927,2015,1
927,2016,1
926,2018,1
926,2020,1
926,2022,1
926,2024,1
926,2026,1
926,2028,1
925,2030,1
926,2032,1
926,2033,1
926,2034,1
926,2035,1
927,2036,1
927,2037,1
928,2037,1
929,2038,1
930,2039,1
930,2041,1
929,2042,1
929,2043,1
929,2044,1
929,2045,1
930,2047,1
930,2048,1
929,2050,1
929,2052,1
929,2054,1
928,2055,1
928,2057,1
928,2058,1
928,2059,1
929,2061,1
928,2062,1
928,2063,1
927,2064,1
927,2065,1
927,2065,1
926,2066,1
926,2067,1
925,2069,1
924,2070,1
922,2071,1
921,2073,1
920,2075,1
919,2076,1
918,2078,1
917,2079,1
916,2080,1
916,2081,1
916,2081,1
916,2082,1
915,2082,1
915,2082,1
914,2083,1
912,2084,1
911,2085,1
910,2087,1
908,2088,1
906,2089,1
905,2091,1
903,2092,1
901,2093,1
900,2094,1
899,2096,1
898,2097,1
896,2098,1
895,2099,1
894,2100,1
894,2101,1
893,2102,1
892,2104,1
892,2106,1
891,2107,1
890,2109,1
889,2111,1
889,2112,1
889,2113,1
889,2114,1
890,2116,1
890,2117,1
890,2119,1
891,2120,1
891,2122,1
891,2123,1
892,2123,1
892,2125,1
893,2127,1
893,2130,1
894,2132,1
894,2134,1
893,2136,1
893,2138,1
893,2138,1
892,2140,1
893,2141,1
892,2141,1
891,2141,1
890,2141,1
889,2141,1
888,2142,1
888,2143,1
888,2144,1
888,2145,1
887,2146,1
886,2147,1
886,2149,1
885,2151,1
885,2153,1
885,2155,1
885,2157,1
884,2158,1
883,2160,1
883,2162,1
883,2164,1
883,2166,1
882,2168,1
882,2169,1
882,2171,1
883,2173,1
884,2174,1
884,2175,1
885,2176,1
886,2177,1
887,2178,1
887,2178,1
888,2179,1
889,2181,1
890,2182,1
890,2183,1
890,2185,1
890,2186,1
890,2188,1
890,2190,1
889,2191,1
888,2193,1
888,2194,1
887,2197,1
888,2199,1
888,2201,1
888,2203,1
888,2205,1
888,2207,1
888,2209,1
888,2211,1
888,2213,1
889,2215,1
889,2217,1
890,2219,1
890,2222,1
890,2224,1
891,2227,1
891,2228,1
892,2231,1
893,2233,1
894,2235,1
894,2237,1
895,2238,1
896,2239,1
897,2240,1
898,2241,1
900,2242,1
901,2243,1
903,2245,1
903,2245,1
904,2246,1
904,2247,1
905,2248,1
905,2248,1
907,2248,1
908,2248,1
909,2248,1
911,2248,1
912,2248,1
913,2249,1
913,2249,1
913,2250,1
913,2250,1
913,2252,1
912,2254,1
913,2255,1
914,2256,1
914,2258,1
915,2260,1
915,2262,1
915,2264,1
915,2264,1
914,2264,1
915,2265,1
915,2267,1
915,2267,1
915,2268,1
914,2268,1
914,2267,1
914,2268,1
914,2269,1
914,2270,1
914,2272,1
914,2274,1
915,2275,1
915,2276,1
916,2278,1
916,2279,1
916,2281,1
916,2283,1
917,2285,1
918,2287,1
919,2289,1
920,2290,1
921,2291,1
922,2291,1
921,2292,1
920,2293,1
920,2294,1
921,2296,1
921,2297,1
922,2298,1
922,2300,1
922,2301,1
922,2303,1
922,2305,1
921,2306,1
921,2308,1
921,2310,1
921,2312,1
921,2313,1
921,2313,1
921,2314,1
920,2315,1
920,2316,1
921,2317,1
921,2319,1
921,2321,1
921,2323,1
921,2324,1
922,2326,1
922,2327,1
922,2329,1
922,2330,1
923,2332,1
924,2334,1
924,2336,1
925,2338,1
926,2340,1
927,2341,1
928,2343,1
928,2344,1
929,2345,1
929,2346,1
929,2348,1
929,2349,1
929,2351,1
930,2352,1
930,2354,1
929,2356,1
929,2357,1
929,2358,1
929,2360,1
929,2362,1
929,2363,1
929,2365,1
930,2367,1
929,2369,1
929,2370,1
928,2372,1
928,2374,1
928,2375,1
929,2377,1
929,2378,1
929,2380,1
929,2382,1
929,2384,1
930,2386,1
930,2387,1
930,2389,1
930,2390,1
930,2392,1
929,2394,1
929,2395,1
929,2397,1
929,2399,1
929,2401,1
929,2403,1
929,2405,1
930,2407,1
930,2409,1
931,2411,1
932,2414,1
932,2416,1
933,2417,1
934,2419,1
935,2420,1
936,2421,1
937,2422,1
938,2422,1
938,2423,1
939,2425,1
939,2427,1
939,2428,1
939,2430,1
939,2432,1
939,2434,1
939,2436,1
939,2438,1
939,2440,1
939,2441,1
939,2443,1
939,2445,1
939,2447,1
939,2448,1
939,2450,1
939,2452,1
939,2454,1
938,2456,1
939,2458,1
938,2461,1
938,2463,1
938,2465,1
938,2468,1
938,2470,1
938,2472,1
939,2474,1
938,2476,1
939,2478,1
938,2480,1
939,2481,1
939,2483,1
940,2484,1
941,2486,1
942,2487,1
942,2489,1
943,2491,1
944,2493,1
944,2495,1
945,2497,1
946,2499,1
947,2501,1
948,2503,1
949,2504,1
951,2507,1
952,2508,1
953,2510,1
954,2511,1
955,2511,1
956,2513,1
957,2513,1
957,2514,1
956,2516,1
956,2517,1
955,2519,1
955,2521,1
954,2523,1
953,2525,1
953,2527,1
952,2529,1
952,2530,1
953,2533,1
953,2534,1
954,2536,1
954,2538,1
955,2539,1
956,2541,1
956,2543,1
957,2545,1
957,2548,1
957,2550,1
958,2553,1
958,2555,1
958,2557,1
959,2559,1
959,2562,1
959,2564,1
959,2566,1
960,2568,1
959,2570,1
959,2573,1
958,2575,1
958,2577,1
958,2578,1
958,2580,1
958,2581,1
957,2584,1
956,2585,1
955,2587,1
955,2588,1
954,2589,1
954,2589,1
953,2590,1
953,2591,1
952,2593,1
952,2594,1
952,2596,1
952,2598,1
952,2601,1
953,2602,1
953,2604,1
953,2604,1
953,2604,1
954,2605,1
953,2606,1
954,2607,1
955,2608,1
956,2608,1
958,2609,1
959,2610,1
960,2611,1
960,2612,1
961,2612,1
962,2613,1
964,2613,1
965,2614,1
966,2615,1
966,2617,1
965,2618,1
965,2619,1
966,2622,1
966,2624,1
966,2625,1
967,2627,1
967,2629,1
967,2631,1
968,2633,1
968,2636,1
969,2638,1
969,2641,1
969,2643,1
970,2646,1
970,2648,1
970,2651,1
969,2654,1
970,2655,1
969,2657,1
970,2658,1
970,2658,1
969,2659,1
969,2660,1
968,2661,1
969,2663,1
969,2665,1
969,2668,1
970,2670,1
970,2672,1
970,2673,1
970,2675,1
970,2676,1
970,2678,1
971,2680,1
971,2682,1
972,2684,1
972,2687,1
972,2690,1
973,2691,1
973,2694,1
973,2696,1
973,2698,1
973,2700,1
973,2702,1
974,2704,1
975,2706,1
975,2708,1
976,2711,1
977,2713,1
977,2716,1
978,2718,1
979,2720,1
979,2723,1
980,2726,1
980,2729,1
980,2731,1
980,2733,1
980,2736,1
980,2739,1
980,2741,1
980,2743,1
980,2744,1
981,2745,1
981,2747,1
981,2750,1
982,2752,1
983,2755,1
983,2759,1
984,2761,1
985,2764,1
986,2767,1
987,2769,1
988,2772,1
989,2774,1
990,2775,1
991,2777,1
991,2779,1
992,2779,1
992,2781,1
993,2783,1
994,2785,1
995,2788,1
995,2790,1
994,2793,1
995,2796,1
994,2799,1
994,2801,1
993,2803,1
993,2805,1
992,2807,1
991,2809,1
992,2810,1
992,2811,1
991,2812,1
992,2812,1
992,2812,1
991,2813,1
991,2814,1
991,2816,1
991,2818,1
992,2822,1
992,2824,1
993,2826,1
993,2829,1
994,2832,1
995,2835,1
996,2837,1
998,2838,1
998,2839,1
998,2840,1
998,2840,1
999,2842,1
1000,2844,1
1001,2846,1
1003,2849,1
1004,2851,1
1004,2853,1
1004,2856,1
1005,2858,1
1005,2860,1
1005,2862,1
1004,2864,1
1004,2865,1
1004,2866,1
1004,2869,1
1004,2871,1
1003,2873,1
1002,2875,1
1002,2877,1
1001,2878,1
1000,2880,1
1000,2883,1
1000,2885,1
1000,2888,1
1000,2890,1
1001,2892,1
1001,2895,1
1002,2896,1
1001,2896,1
1002,2897,1
1002,2899,1
1001,2899,1
1002,2900,1
1002,2902,1
1001,2904,1
1001,2906,1
1001,2908,1
1001,2910,1
1002,2912,1
1002,2914,1
1002,2916,1
1002,2918,1
1003,2920,1
1004,2922,1
1005,2924,1
1006,2926,1
1007,2928,1
1008,2930,1
1009,2931,1
1010,2933,1
1011,2935,1
1014,2936,1
1016,2938,1
1018,2939,1
1020,2940,1
1021,2942,1
1022,2944,1
1023,2945,1
1024,2948,1
1024,2950,1
1025,2952,1
1026,2955,1
1026,2957,1
1027,2960,1
1027,2962,1
1028,2964,1
1029,2967,1
1029,2969,1
1030,2972,1
1031,2974,1
1031,2977,1
1031,2979,1
1032,2981,1
1032,2983,1
1033,2984,1
1032,2985,1
1032,2986,1
1031,2988,1
1030,2990,1
1029,2992,1
1028,2994,1
1027,2996,1
1026,2999,1
1025,3000,1
1024,3003,1
1023,3006,1
1023,3009,1
1022,3011,1
1022,3014,1
1022,3017,1
1022,3020,1
1022,3022,1
1022,3023,1
1023,3025,1
1023,3026,1
1025,3028,1
1026,3030,1
1027,3032,1
1028,3034,1
1029,3037,1
1030,3039,1
1030,3040,1
1031,3041,1
1031,3041,1
1033,3042,1
1033,3044,1
1035,3041,1
1035,3042,1
1036,3044,1
1038,3045,1
1039,3046,1
1040,3047,1
1041,3048,1
1042,3050,1
1043,3051,1
1044,3052,1
1046,3054,1
1047,3056,1
1049,3057,1
1050,3057,1
1051,3059,1
1052,3060,1
1053,3062,1
1055,3064,1
1055,3066,1
1056,3067,1
1057,3068,1
1057,3069,1
1057,3070,1
1058,3073,1
1058,3075,1
1059,3077,1
1059,3079,1
1060,3081,1
1061,3082,1
1062,3084,1
1063,3086,1
1064,3088,1
1065,3091,1
1067,3094,1
1069,3096,1
1070,3098,1
1072,3099,1
1075,3100,1
1077,3101,1
1078,3102,1
1079,3103,1
1080,3103,1
1081,3103,1
1083,3104,1
1085,3103,1
1087,3102,1
1089,3102,1
1091,3102,1
1094,3101,1
1096,3101,1
1099,3101,1
1101,3102,1
1101,3102,1
1103,3102,1
1105,3104,1
1105,3106,1
1105,3108,1
1107,3110,1
1108,3113,1
1109,3115,1
1111,3118,1
1112,3120,1
1114,3120,1
1116,3121,1
1118,3123,1
1120,3125,1
1122,3125,1
1124,3127,1
1126,3127,1
1128,3128,1
1130,3130,1
1132,3131,1
1133,3133,1
1136,3135,1
1136,3136,1
1138,3138,1
1140,3140,1
1142,3142,1
1144,3144,1
1145,3146,1
1146,3149,1
1148,3152,1
1149,3156,1
1151,3159,1
1151,3162,1
1152,3163,1
1152,3163,1
1152,3164,1
1153,3166,1
1153,3168,1
1155,3171,1
1155,3172,1
1157,3174,1
1158,3176,1
1160,3178,1
1161,3180,1
1163,3182,1
1164,3185,1
1164,3186,1
1165,3187,1
1167,3187,1
1168,3188,1
1170,3190,1
1172,3191,1
1174,3192,1
1176,3194,1
1178,3195,1
1181,3198,1
1183,3200,1
1185,3201,1
1187,3202,1
1188,3203,1
1191,3204,1
1193,3204,1
1195,3206,1
1198,3207,1
1199,3208,1
1199,3210,1
1200,3212,1
1200,3214,1
1201,3217,1
1203,3219,1
1204,3222,1
1205,3225,1
1206,3228,1
1207,3231,1
1207,3234,1
1208,3236,1
1209,3238,1
1210,3240,1
1211,3242,1
1212,3244,1
1212,3245,1
1213,3247,1
1214,3249,1
1215,3251,1
1216,3253,1
1218,3255,1
1219,3257,1
1219,3259,1
1219,3262,1
1220,3264,1
1221,3267,1
1223,3270,1
1223,3272,1
1223,3274,1
1224,3277,1
1223,3278,1
1223,3280,1
1223,3283,1
1223,3285,1
1223,3288,1
1224,3290,1
1224,3293,1
1224,3295,1
1224,3297,1
1225,3299,1
1226,3300,1
1228,3302,1
1229,3303,1
1231,3305,1
1233,3306,1
1234,3307,1
1235,3307,1
1236,3307,1
1236,3308,1
1238,3309,1
1239,3311,1
1239,3312,1
1241,3314,1
1241,3316,1
1242,3318,1
1244,3320,1
1245,3321,1
1247,3324,1
1247,3326,1
1249,3328,1
1250,3331,1
1251,3333,1
1253,3335,1
1254,3336,1
1255,3338,1
1256,3338,1
1256,3339,1
1257,3339,1
1257,3341,1
1257,3343,1
1257,3345,1
1257,3348,1
1257,3351,1
1258,3354,1
1258,3355,1
1259,3357,1
1259,3358,1
1259,3358,1
1259,3360,1
1259,3362,1
1259,3364,1
1259,3366,1
1258,3369,1
1258,3372,1
1259,3373,1
1259,3375,1
1260,3378,1
1260,3380,1
1261,3382,1
1261,3383,1
1260,3384,1
1261,3385,1
1261,3386,1
1261,3388,1
1262,3390,1
1263,3391,1
1264,3394,1
1265,3396,1
1265,3398,1
1266,3400,1
1267,3401,1
1268,3403,1
1268,3404,1
1269,3405,1
1270,3405,1
1272,3406,1
1273,3407,1
1275,3408,1
1277,3409,1
1279,3409,1
1280,3409,1
1282,3410,1
1283,3409,1
1283,3408,1
1282,3408,1
1283,3407,1
1284,3407,1
1287,3408,1
1287,3408,1
1287,3408,1
1287,3408,1
1288,3408,1
1287,3409,1
1288,3411,1
1289,3413,1
1290,3414,1
1291,3415,1
1292,3415,1
1293,3415,1
1294,3417,1
1295,3418,1
1296,3419,1
1297,3420,1
1298,3422,1
1298,3425,1
1300,3427,1
1300,3429,1
1301,3432,1
1302,3434,1
1303,3435,1
1304,3437,1
1306,3439,1
1307,3440,1
1308,3442,1
1308,3444,1
1309,3446,1
1310,3448,1
1310,3450,1
1310,3452,1
1312,3454,1
1312,3456,1
1314,3457,1
1315,3459,1
1317,3460,1
1319,3462,1
1321,3462,1
1323,3463,1
1324,3464,1
1325,3465,1
1325,3465,1
1326,3466,1
1326,3468,1
1327,3470,1
1328,3472,1
1329,3474,1
1330,3476,1
1331,3478,1
1332,3480,1
1333,3482,1
1335,3484,1
1336,3487,1
1338,3489,1
1338,3491,1
1338,3493,1
1339,3495,1
1340,3497,1
1340,3499,1
1341,3501,1
1342,3502,1
1343,3504,1
1344,3506,1
1346,3507,1
1348,3509,1
1350,3511,1
1351,3513,1
1352,3515,1
1353,3516,1
1355,3518,1
1357,3519,1
1359,3519,1
1360,3520,1
1361,3521,1
1362,3522,1
1364,3522,1
1365,3522,1
1367,3523,1
1369,3524,1
1370,3525,1
1373,3526,1
1375,3526,1
1377,3526,1
1379,3526,1
1381,3526,1
1382,3525,1
1383,3524,1
1383,3524,1
1384,3523,1
1385,3522,1
1386,3521,1
1388,3521,1
1390,3520,1
1392,3520,1
1394,3520,1
1395,3520,1
1397,3521,1
1398,3523,1
1399,3524,1
1400,3525,1
1401,3527,1
1401,3528,1
1402,3529,1
1403,3530,1
1404,3531,1
1406,3532,1
1407,3534,1
1409,3535,1
1410,3537,1
1412,3539,1
1414,3541,1
1416,3542,1
1417,3544,1
1419,3546,1
1420,3548,1
1422,3550,1
1423,3553,1
1424,3555,1
1424,3557,1
1425,3559,1
1427,3561,1
1429,3563,1
1431,3565,1
1433,3567,1
1434,3569,1
1436,3570,1
1438,3571,1
1440,3572,1
1442,3574,1
1444,3575,1
1445,3576,1
1448,3577,1
1450,3579,1
1452,3580,1
1453,3582,1
1454,3584,1
1456,3586,1
1458,3587,1
1460,3587,1
1461,3589,1
1462,3590,1
1464,3592,1
1465,3594,1
1467,3596,1
1468,3598,1
1470,3600,1
1471,3602,1
1471,3604,1
1473,3605,1
1474,3607,1
1476,3609,1
1477,3610,1
1479,3611,1
1480,3613,1
1481,3615,1
1482,3617,1
1482,3620,1
1483,3622,1
1483,3624,1
1484,3626,1
1485,3628,1
1485,3630,1
1486,3633,1
1487,3635,1
1486,3637,1
1486,3638,1
1488,3640,1
1488,3642,1
1488,3643,1
1489,3645,1
1490,3647,1
1491,3647,1
1492,3648,1
1493,3649,1
1494,3650,1
1495,3652,1
1496,3653,1
1497,3654,1
1497,3655,1
1498,3657,1
1500,3658,1
1501,3659,1
1503,3660,1
1504,3660,1
1505,3660,1
1506,3662,1
1507,3664,1
1509,3666,1
1510,3668,1
1511,3670,1
1512,3671,1
1514,3673,1
1515,3674,1
1516,3674,1
1516,3675,1
1516,3675,1
1517,3676,1
1518,3677,1
1519,3678,1
1520,3679,1
1521,3681,1
1523,3682,1
1524,3684,1
1525,3685,1
1526,3687,1
1526,3689,1
1528,3690,1
1529,3691,1
1531,3693,1
1532,3694,1
1533,3696,1
1534,3696,1
1535,3696,1
1535,3695,1
1536,3696,1
1537,3696,1
1539,3698,1
1541,3698,1
1543,3699,1
1544,3699,1
1545,3700,1
1547,3702,1
1548,3704,1
1549,3705,1
1549,3706,1
1550,3706,1
1551,3706,1
1552,3707,1
1553,3707,1
1555,3708,1
1556,3709,1
1558,3709,1
1559,3711,1
1561,3713,1
1562,3714,1
1563,3716,1
1564,3716,1
1565,3715,1
1566,3716,1
1568,3717,1
1569,3719,1
1571,3720,1
1572,3721,1
1574,3722,1
1576,3723,1
1578,3723,1
1579,3723,1
1581,3723,1
1582,3723,1
1583,3722,1
1584,3722,1
1586,3724,1
1587,3726,1
1588,3727,1
1590,3729,1
1591,3731,1
1592,3732,1
1594,3733,1
1595,3733,1
1596,3733,1
1597,3734,1
1598,3734,1
1600,3734,1
1602,3734,1
1604,3733,1
1606,3733,1
1608,3733,1
1609,3732,1
1610,3731,1
1612,3730,1
1613,3729,1
1614,3728,1
1617,3727,1
1619,3726,1
1620,3726,1
1622,3726,1
1623,3725,1
1625,3724,1
1626,3724,1
1629,3723,1
1631,3722,1
1631,3722,1
1634,3723,1
1633,3723,1
1633,3724,1
1633,3724,1
1634,3725,1
1635,3726,1
1636,3727,1
1637,3728,1
1638,3729,1
1639,3730,1
1640,3729,1
1640,3728,1
1641,3728,1
1642,3727,1
1642,3727,1
1643,3728,1
1644,3730,1
1645,3731,1
1646,3732,1
1647,3733,1
1647,3734,1
1647,3735,1
1647,3736,1
1648,3737,1
1648,3738,1
1649,3739,1
1650,3741,1
1652,3742,1
1653,3743,1
1655,3743,1
1657,3744,1
1659,3744,1
1661,3744,1
1662,3744,1
1663,3744,1
1664,3743,1
1665,3742,1
1666,3742,1
1667,3741,1
1668,3740,1
1669,3739,1
1670,3737,1
1671,3736,1
1673,3736,1
1674,3735,1
1676,3735,1
1678,3734,1
1680,3734,1
1681,3734,1
1682,3733,1
1684,3733,1
1686,3734,1
1688,3734,1
1689,3736,1
1690,3737,1
1691,3737,1
1692,3737,1
1693,3737,1
1695,3738,1
1697,3738,1
1699,3739,1
1700,3740,1
1701,3741,1
1701,3741,1
1702,3741,1
1703,3741,1
1704,3741,1
1705,3741,1
1706,3742,1
1706,3743,1
1707,3744,1
1709,3745,1
1710,3746,1
1711,3746,1
1712,3747,1
1711,3748,1
1712,3748,1
1713,3747,1
1714,3746,1
1714,3746,1
1715,3745,1
1715,3744,1
1717,3743,1
1717,3742,1
1718,3742,1
1719,3742,1
1720,3741,1
1721,3740,1
1722,3740,1
1723,3740,1
1724,3739,1
1724,3739,1
1725,3738,1
1724,3737,1
1723,3738,1
1723,3738,1
1724,3737,1
1724,3736,1
1725,3735,1
1726,3734,1
1727,3733,1
1728,3732,1
1729,3730,1
1730,3730,1
1731,3730,1
1731,3731,1
1732,3730,1
1732,3730,1
1733,3729,1
1733,3728,1
1734,3728,1
1734,3727,1
1735,3727,1
1736,3726,1
1736,3727,1
1736,3727,1
1736,3727,1
1737,3727,1
1738,3728,1
1739,3727,1
1739,3728,1
1739,3727,1
1738,3727,1
1737,3726,1
1737,3725,1
1738,3724,1
1739,3724,1
1741,3724,1
1741,3723,1
1740,3723,1
1739,3723,1
1740,3722,1
1741,3721,1
1741,3720,1
1741,3719,1
1741,3719,1
1741,3718,1
1741,3717,1
1742,3715,1
1743,3715,1
1744,3714,1
1743,3714,1
1744,3715,1
1746,3714,1
1746,3713,1
1746,3713,1
1747,3713,1
1748,3713,1
1749,3714,1
1750,3714,1
1751,3714,1
1751,3715,1
1752,3715,1
1752,3715,1
1754,3717,1
1753,3718,1
1754,3719,1
1753,3719,1
1753,3718,1
1752,3716,1
1751,3714,1
1751,3713,1
1751,3712,1
1751,3712,1
1752,3711,1
1752,3711,1
1753,3710,1
1753,3709,1
1753,3708,1
1754,3708,1
1754,3706,1
1755,3706,1
1755,3705,1
1756,3703,1
1756,3703,1
1757,3702,1
1758,3701,1
1758,3699,1
1758,3698,1
1759,3697,1
1760,3696,1
1760,3695,1
1761,3694,1
1762,3694,1
1761,3693,1
1762,3693,1
1761,3693,1
1762,3693,1
1761,3694,1
1760,3695,1
1761,3694,1
1761,3693,1
1761,3693,1
1761,3694,1
1760,3695,1
1761,3696,1
1762,3696,1
1762,3697,1
1764,3697,1
1764,3697,1
1765,3697,1
1767,3698,1
1766,3697,1
1766,3696,1
1766,3695,1
1767,3693,1
1768,3692,1
1769,3692,1
1770,3691,1
1769,3692,1
1769,3691,1
1769,3691,1
1769,3692,1
1770,3692,1
1771,3692,1
1772,3691,1
1773,3690,1
1774,3690,1
1776,3689,1
1776,3688,1
1777,3688,1
1777,3688,1
1778,3688,1
1780,3689,1
1781,3688,1
1782,3688,1
1784,3688,1
1784,3687,1
